;(W/m2) Downward Shortwave Radiation (ERA5_AG) at CE_ID_0. 2019-08-01 to 2024-08-01
01/08/19;208.2743
02/08/19;162.4029
03/08/19;191.4541
04/08/19;175.3363
05/08/19;161.115
06/08/19;210.7731
07/08/19;213.4554
08/08/19;213.0427
09/08/19;209.3763
10/08/19;92.7338
11/08/19;217.6329
12/08/19;219.9803
13/08/19;220.6631
14/08/19;219.9777
15/08/19;187.3047
16/08/19;226.012
17/08/19;229.2448
18/08/19;202.0919
19/08/19;230.9506
20/08/19;223.4555
21/08/19;227.8822
22/08/19;234.2949
23/08/19;236.6866
24/08/19;241.3194
25/08/19;238.9333
26/08/19;241.7416
27/08/19;240.9402
28/08/19;240.6429
29/08/19;241.1788
30/08/19;229.4284
31/08/19;236.619
01/09/19;242.7316
02/09/19;252.7294
03/09/19;253.1485
04/09/19;256.0092
05/09/19;256.9048
06/09/19;141.1286
07/09/19;112.6079
08/09/19;260.8425
09/09/19;263.4786
10/09/19;266.6486
11/09/19;269.7142
12/09/19;270.9833
13/09/19;270.9211
14/09/19;266.837
15/09/19;240.8367
16/09/19;268.2945
17/09/19;271.365
18/09/19;274.9765
19/09/19;278.4549
20/09/19;279.4108
21/09/19;281.4794
22/09/19;283.1451
23/09/19;278.9232
24/09/19;119.2607
25/09/19;154.536
26/09/19;287.2079
27/09/19;294.8927
28/09/19;299.3389
29/09/19;297.5153
30/09/19;302.5796
01/10/19;163.0937
02/10/19;149.4313
03/10/19;206.3542
04/10/19;303.0056
05/10/19;266.5734
06/10/19;305.3259
07/10/19;309.7702
08/10/19;309.4902
09/10/19;299.3253
10/10/19;256.1373
11/10/19;139.6463
12/10/19;292.1142
13/10/19;316.5098
14/10/19;290.7871
15/10/19;312.0579
16/10/19;265.4546
17/10/19;323.3779
18/10/19;325.1894
19/10/19;320.8268
20/10/19;313.9695
21/10/19;300.2025
22/10/19;306.813
23/10/19;283.3415
24/10/19;271.7121
25/10/19;306.1188
26/10/19;297.8389
27/10/19;316.2857
28/10/19;280.6046
29/10/19;296.7864
30/10/19;234.1378
31/10/19;165.9883
01/11/19;176.9848
02/11/19;238.1093
03/11/19;319.1947
04/11/19;319.5053
05/11/19;317.3235
06/11/19;341.095
07/11/19;340.5125
08/11/19;312.4063
09/11/19;199.5033
10/11/19;166.1028
11/11/19;295.3521
12/11/19;254.2415
13/11/19;205.1408
14/11/19;291.1891
15/11/19;318.0735
16/11/19;332.7662
17/11/19;340.1327
18/11/19;289.2312
19/11/19;252.1942
20/11/19;237.8929
21/11/19;206.437
22/11/19;320.2431
23/11/19;311.884
24/11/19;334.558
25/11/19;317.2823
26/11/19;292.4982
27/11/19;331.0211
28/11/19;354.8757
29/11/19;356.7395
30/11/19;363.2869
01/12/19;362.5592
02/12/19;352.2341
03/12/19;314.557
04/12/19;183.8452
05/12/19;131.8673
06/12/19;201.2842
07/12/19;236.0232
08/12/19;115.8331
09/12/19;134.1925
10/12/19;80.1932
11/12/19;156.9718
12/12/19;314.8022
13/12/19;218.2258
14/12/19;299.4577
15/12/19;353.8579
16/12/19;298.5857
17/12/19;251.5452
18/12/19;351.5923
19/12/19;342.0058
20/12/19;323.3867
21/12/19;349.9235
22/12/19;336.018
23/12/19;238.1676
24/12/19;358.9528
25/12/19;333.9536
26/12/19;346.2406
27/12/19;346.5492
28/12/19;189.8331
29/12/19;205.6132
30/12/19;331.3251
31/12/19;323.8039
01/01/20;282.1266
02/01/20;323.928
03/01/20;328.5257
04/01/20;343.1499
05/01/20;313.486
06/01/20;323.1559
07/01/20;313.8416
08/01/20;293.0646
09/01/20;202.1698
10/01/20;223.5566
11/01/20;172.0798
12/01/20;275.2083
13/01/20;305.5717
14/01/20;225.4776
15/01/20;278.8227
16/01/20;299.7071
17/01/20;244.0416
18/01/20;185.9133
19/01/20;174.8003
20/01/20;122.502
21/01/20;199.0598
22/01/20;221.4625
23/01/20;343.5965
24/01/20;183.1963
25/01/20;261.5895
26/01/20;340.5569
27/01/20;289.7677
28/01/20;165.6585
29/01/20;311.4881
30/01/20;274.0487
31/01/20;348.2028
01/02/20;340.2045
02/02/20;304.6698
03/02/20;281.2685
04/02/20;268.8734
05/02/20;296.4088
06/02/20;277.9036
07/02/20;254.0612
08/02/20;158.3407
09/02/20;185.0086
10/02/20;109.8539
11/02/20;139.6094
12/02/20;169.127
13/02/20;186.2369
14/02/20;254.8177
15/02/20;268.2596
16/02/20;244.7372
17/02/20;263.2665
18/02/20;267.9206
19/02/20;275.97
20/02/20;253.8918
21/02/20;289.1585
22/02/20;241.9072
23/02/20;219.612
24/02/20;87.6958
25/02/20;268.6484
26/02/20;325.5472
27/02/20;324.5787
28/02/20;308.9462
29/02/20;202.5795
01/03/20;193.8704
02/03/20;142.2645
03/03/20;204.6456
04/03/20;245.1297
05/03/20;266.6811
06/03/20;297.7144
07/03/20;269.3823
08/03/20;240.1767
09/03/20;287.9899
10/03/20;297.1689
11/03/20;284.7703
12/03/20;292.0493
13/03/20;274.0521
14/03/20;277.724
15/03/20;250.0901
16/03/20;231.9042
17/03/20;125.9767
18/03/20;195.111
19/03/20;271.5726
20/03/20;264.5094
21/03/20;267.7695
22/03/20;264.9746
23/03/20;270.0564
24/03/20;233.2878
25/03/20;247.3083
26/03/20;254.1484
27/03/20;204.3524
28/03/20;142.0519
29/03/20;275.6751
30/03/20;266.3909
31/03/20;273.1908
01/04/20;203.0303
02/04/20;225.5337
03/04/20;151.1154
04/04/20;112.4075
05/04/20;235.5573
06/04/20;266.5437
07/04/20;257.1422
08/04/20;176.0677
09/04/20;86.2056
10/04/20;123.1918
11/04/20;235.3789
12/04/20;253.0476
13/04/20;242.6032
14/04/20;227.7689
15/04/20;224.647
16/04/20;212.5611
17/04/20;166.6407
18/04/20;181.8108
19/04/20;201.9888
20/04/20;201.5381
21/04/20;242.5224
22/04/20;230.2969
23/04/20;215.5666
24/04/20;227.025
25/04/20;235.3326
26/04/20;209.2566
27/04/20;143.6975
28/04/20;188.6674
29/04/20;174.0324
30/04/20;230.231
01/05/20;227.0095
02/05/20;223.5286
03/05/20;224.6101
04/05/20;217.6612
05/05/20;189.2697
06/05/20;205.3916
07/05/20;150.9983
08/05/20;181.2312
09/05/20;176.4503
10/05/20;188.9322
11/05/20;213.9956
12/05/20;214.1469
13/05/20;213.0212
14/05/20;199.8308
15/05/20;195.1329
16/05/20;212.0719
17/05/20;144.3734
18/05/20;206.3246
19/05/20;204.9871
20/05/20;202.784
21/05/20;132.437
22/05/20;182.7833
23/05/20;194.1382
24/05/20;198.3357
25/05/20;196.6926
26/05/20;185.8153
27/05/20;205.229
28/05/20;199.6918
29/05/20;198.1394
30/05/20;195.7077
31/05/20;192.5111
01/06/20;189.415
02/06/20;190.2662
03/06/20;190.034
04/06/20;188.3354
05/06/20;160.9646
06/06/20;173.4215
07/06/20;135.4432
08/06/20;186.5422
09/06/20;186.213
10/06/20;185.5986
11/06/20;182.398
12/06/20;192.5606
13/06/20;187.6768
14/06/20;161.8565
15/06/20;168.9408
16/06/20;162.2135
17/06/20;121.2483
18/06/20;144.5992
19/06/20;134.2453
20/06/20;180.9185
21/06/20;185.1697
22/06/20;185.6441
23/06/20;182.7607
24/06/20;163.9931
25/06/20;140.1359
26/06/20;132.8958
27/06/20;185.7958
28/06/20;190.1926
29/06/20;185.2203
30/06/20;184.44
01/07/20;149.0444
02/07/20;180.9378
03/07/20;188.678
04/07/20;184.5375
05/07/20;189.2007
06/07/20;190.717
07/07/20;192.5587
08/07/20;105.7138
09/07/20;132.7058
10/07/20;173.6012
11/07/20;191.2698
12/07/20;197.0316
13/07/20;195.6687
14/07/20;199.2864
15/07/20;180.8942
16/07/20;198.8485
17/07/20;197.1422
18/07/20;197.1927
19/07/20;198.8719
20/07/20;195.5706
21/07/20;197.6491
22/07/20;197.7724
23/07/20;190.4638
24/07/20;161.1644
25/07/20;173.2835
26/07/20;203.8821
27/07/20;190.3365
28/07/20;121.3879
29/07/20;204.7675
30/07/20;208.5954
31/07/20;208.3974
01/08/20;209.7326
02/08/20;209.6203
03/08/20;204.9967
04/08/20;211.0798
05/08/20;215.8992
06/08/20;212.4136
07/08/20;171.7366
08/08/20;170.4737
09/08/20;218.5558
10/08/20;221.0693
11/08/20;220.8316
12/08/20;223.0791
13/08/20;226.1991
14/08/20;203.6693
15/08/20;225.9925
16/08/20;229.1015
17/08/20;177.796
18/08/20;225.726
19/08/20;232.6587
20/08/20;115.5698
21/08/20;162.4373
22/08/20;131.1892
23/08/20;235.4434
24/08/20;238.9645
25/08/20;239.1798
26/08/20;242.1312
27/08/20;189.1049
28/08/20;227.3869
29/08/20;205.0263
30/08/20;125.4211
31/08/20;96.2701
01/09/20;86.1966
02/09/20;111.3686
03/09/20;217.6276
04/09/20;251.1476
05/09/20;239.843
06/09/20;251.7771
07/09/20;260.9739
08/09/20;257.5411
09/09/20;259.5993
10/09/20;263.0222
11/09/20;267.3983
12/09/20;246.0025
13/09/20;246.0926
14/09/20;272.0983
15/09/20;254.4348
16/09/20;259.8493
17/09/20;261.4314
18/09/20;250.1351
19/09/20;269.4357
20/09/20;279.6359
21/09/20;281.0865
22/09/20;120.5242
23/09/20;257.4086
24/09/20;281.976
25/09/20;284.1858
26/09/20;279.5173
27/09/20;289.2888
28/09/20;283.9531
29/09/20;207.8028
30/09/20;122.4568
01/10/20;203.5847
02/10/20;166.0722
03/10/20;209.3838
04/10/20;276.7681
05/10/20;215.5059
06/10/20;189.218
07/10/20;132.4458
08/10/20;195.8826
09/10/20;248.7637
10/10/20;279.1147
11/10/20;110.3759
12/10/20;95.7614
13/10/20;206.3034
14/10/20;289.878
15/10/20;242.7118
16/10/20;317.3944
17/10/20;282.2996
18/10/20;318.843
19/10/20;316.5971
20/10/20;326.6177
21/10/20;290.7345
22/10/20;292.9487
23/10/20;322.65
24/10/20;315.5029
25/10/20;329.3856
26/10/20;320.0948
27/10/20;327.1721
28/10/20;329.5398
29/10/20;332.6654
30/10/20;338.1388
31/10/20;298.1788
01/11/20;172.9306
02/11/20;262.9753
03/11/20;285.1446
04/11/20;274.7353
05/11/20;268.3539
06/11/20;313.7508
07/11/20;302.1371
08/11/20;316.4715
09/11/20;325.5553
10/11/20;302.239
11/11/20;196.9949
12/11/20;156.3008
13/11/20;268.1576
14/11/20;349.1938
15/11/20;341.706
16/11/20;334.8868
17/11/20;303.0599
18/11/20;237.9504
19/11/20;292.4212
20/11/20;251.9992
21/11/20;175.0896
22/11/20;275.4644
23/11/20;298.6312
24/11/20;299.0961
25/11/20;291.7664
26/11/20;174.599
27/11/20;311.6934
28/11/20;159.2987
29/11/20;281.9994
30/11/20;195.4365
01/12/20;316.5845
02/12/20;271.7411
03/12/20;161.1135
04/12/20;229.0368
05/12/20;108.7312
06/12/20;108.0623
07/12/20;135.6446
08/12/20;217.7298
09/12/20;236.8851
10/12/20;332.3959
11/12/20;338.9871
12/12/20;315.7536
13/12/20;255.8993
14/12/20;286.411
15/12/20;138.8924
16/12/20;128.7426
17/12/20;115.1818
18/12/20;176.2085
19/12/20;112.08
20/12/20;204.3242
21/12/20;287.1647
22/12/20;293.4509
23/12/20;316.1758
24/12/20;218.1634
25/12/20;137.0311
26/12/20;263.6509
27/12/20;278.6813
28/12/20;329.427
29/12/20;315.4101
30/12/20;344.8928
31/12/20;264.853
01/01/21;261.1198
02/01/21;211.5876
03/01/21;158.0625
04/01/21;260.5361
05/01/21;325.1776
06/01/21;310.5548
07/01/21;123.3519
08/01/21;203.9554
09/01/21;288.2319
10/01/21;294.4451
11/01/21;209.8107
12/01/21;214.7257
13/01/21;299.7386
14/01/21;289.1504
15/01/21;232.1792
16/01/21;184.8633
17/01/21;220.7528
18/01/21;219.696
19/01/21;138.6887
20/01/21;277.21
21/01/21;158.0641
22/01/21;321.1233
23/01/21;265.0498
24/01/21;114.9159
25/01/21;230.1028
26/01/21;253.7703
27/01/21;276.8645
28/01/21;282.7148
29/01/21;128.5483
30/01/21;220.2735
31/01/21;248.4575
01/02/21;206.341
02/02/21;131.1327
03/02/21;177.0561
04/02/21;234.0779
05/02/21;182.0406
06/02/21;228.8298
07/02/21;200.0289
08/02/21;206.683
09/02/21;288.6824
10/02/21;297.0113
11/02/21;247.8849
12/02/21;271.2822
13/02/21;260.641
14/02/21;221.0087
15/02/21;245.4984
16/02/21;115.5364
17/02/21;208.412
18/02/21;323.6646
19/02/21;306.7189
20/02/21;293.2437
21/02/21;288.9272
22/02/21;194.7425
23/02/21;171.2695
24/02/21;279.8377
25/02/21;275.0889
26/02/21;243.6394
27/02/21;173.0942
28/02/21;181.7446
01/03/21;193.0571
02/03/21;182.0275
03/03/21;251.5091
04/03/21;300.0086
05/03/21;305.0417
06/03/21;243.2494
07/03/21;288.8929
08/03/21;296.4007
09/03/21;294.0266
10/03/21;284.8168
11/03/21;276.2993
12/03/21;213.6589
13/03/21;260.6537
14/03/21;210.8965
15/03/21;213.7762
16/03/21;283.6714
17/03/21;282.8335
18/03/21;271.2893
19/03/21;267.7611
20/03/21;246.9559
21/03/21;266.5796
22/03/21;163.1664
23/03/21;127.7422
24/03/21;176.3763
25/03/21;220.9722
26/03/21;254.0734
27/03/21;273.3954
28/03/21;203.7738
29/03/21;194.5454
30/03/21;265.6563
31/03/21;255.8139
01/04/21;269.1846
02/04/21;267.3494
03/04/21;253.7412
04/04/21;128.039
05/04/21;249.5683
06/04/21;178.3665
07/04/21;246.3208
08/04/21;261.8582
09/04/21;245.7981
10/04/21;225.1368
11/04/21;257.391
12/04/21;255.5711
13/04/21;254.2699
14/04/21;240.5494
15/04/21;228.5853
16/04/21;225.3439
17/04/21;204.3598
18/04/21;246.3212
19/04/21;246.4066
20/04/21;226.6103
21/04/21;192.3533
22/04/21;241.3755
23/04/21;232.1696
24/04/21;236.6512
25/04/21;238.4986
26/04/21;234.3485
27/04/21;234.4759
28/04/21;233.2458
29/04/21;223.3821
30/04/21;186.5882
01/05/21;141.6151
02/05/21;153.3694
03/05/21;193.3464
04/05/21;220.9716
05/05/21;221.7315
06/05/21;194.2877
07/05/21;210.5712
08/05/21;211.4817
09/05/21;216.9866
10/05/21;212.8036
11/05/21;211.9414
12/05/21;212.4262
13/05/21;213.3773
14/05/21;212.433
15/05/21;210.0368
16/05/21;210.3204
17/05/21;207.1551
18/05/21;139.9165
19/05/21;201.0244
20/05/21;204.5552
21/05/21;201.4424
22/05/21;155.2741
23/05/21;155.0427
24/05/21;194.7514
25/05/21;196.9358
26/05/21;195.8735
27/05/21;198.6409
28/05/21;198.1412
29/05/21;197.0641
30/05/21;195.1935
31/05/21;96.1805
01/06/21;179.74
02/06/21;196.0856
03/06/21;192.8186
04/06/21;168.9728
05/06/21;189.08
06/06/21;125.5209
07/06/21;101.5174
08/06/21;119.2594
09/06/21;173.0472
10/06/21;183.168
11/06/21;182.5235
12/06/21;184.1102
13/06/21;186.2702
14/06/21;186.4885
15/06/21;187.4336
16/06/21;184.328
17/06/21;183.0436
18/06/21;182.7845
19/06/21;125.1068
20/06/21;119.5709
21/06/21;134.2439
22/06/21;174.2951
23/06/21;171.105
24/06/21;183.8551
25/06/21;183.9734
26/06/21;185.0898
27/06/21;185.8772
28/06/21;184.872
29/06/21;186.0264
30/06/21;187.378
01/07/21;186.9964
02/07/21;188.2379
03/07/21;189.2119
04/07/21;191.0572
05/07/21;185.2749
06/07/21;112.3839
07/07/21;176.4298
08/07/21;187.7358
09/07/21;190.4381
10/07/21;190.0436
11/07/21;190.3819
12/07/21;192.626
13/07/21;192.2708
14/07/21;114.7265
15/07/21;63.8465
16/07/21;115.536
17/07/21;144.5499
18/07/21;177.6188
19/07/21;151.6886
20/07/21;192.571
21/07/21;198.7202
22/07/21;209.0264
23/07/21;200.9988
24/07/21;200.1437
25/07/21;139.2573
26/07/21;169.5792
27/07/21;205.5527
28/07/21;203.5865
29/07/21;204.8636
30/07/21;204.8906
31/07/21;191.3184
01/08/21;209.3413
02/08/21;213.8855
03/08/21;124.6018
04/08/21;211.5931
05/08/21;213.5847
06/08/21;215.3195
07/08/21;216.9929
08/08/21;214.9948
09/08/21;219.765
10/08/21;194.3533
11/08/21;186.6443
12/08/21;221.7019
13/08/21;215.6748
14/08/21;81.291
15/08/21;120.6615
16/08/21;222.8228
17/08/21;228.099
18/08/21;229.565
19/08/21;231.4901
20/08/21;229.3922
21/08/21;163.3538
22/08/21;214.1767
23/08/21;166.8898
24/08/21;231.2615
25/08/21;230.9951
26/08/21;237.3065
27/08/21;240.9808
28/08/21;236.6291
29/08/21;114.4792
30/08/21;205.4524
31/08/21;252.1802
01/09/21;254.4272
02/09/21;219.7949
03/09/21;253.5926
04/09/21;245.767
05/09/21;253.3897
06/09/21;256.703
07/09/21;250.4053
08/09/21;120.0878
09/09/21;113.9583
10/09/21;220.5356
11/09/21;263.3643
12/09/21;273.256
13/09/21;268.1587
14/09/21;267.7968
15/09/21;268.685
16/09/21;261.7904
17/09/21;215.0519
18/09/21;214.3527
19/09/21;276.9586
20/09/21;274.1523
21/09/21;274.9281
22/09/21;157.3172
23/09/21;284.8788
24/09/21;289.9434
25/09/21;286.6568
26/09/21;287.4683
27/09/21;295.1717
28/09/21;286.5689
29/09/21;286.2982
30/09/21;161.5502
01/10/21;224.6533
02/10/21;282.3694
03/10/21;292.5822
04/10/21;125.6586
05/10/21;215.7728
06/10/21;257.5172
07/10/21;178.3711
08/10/21;226.8599
09/10/21;279.0388
10/10/21;247.8019
11/10/21;232.8701
12/10/21;323.2961
13/10/21;326.4703
14/10/21;325.1278
15/10/21;323.6105
16/10/21;322.4531
17/10/21;304.8954
18/10/21;155.1202
19/10/21;117.4405
20/10/21;235.9149
21/10/21;311.4578
22/10/21;293.1167
23/10/21;317.2919
24/10/21;290.6352
25/10/21;168.7591
26/10/21;161.34
27/10/21;153.9804
28/10/21;171.252
29/10/21;309.4463
30/10/21;303.452
31/10/21;321.7591
01/11/21;332.7842
02/11/21;314.8676
03/11/21;327.7164
04/11/21;330.247
05/11/21;323.0811
06/11/21;308.1578
07/11/21;328.7323
08/11/21;306.8111
09/11/21;259.5648
10/11/21;256.8137
11/11/21;304.7919
12/11/21;333.5269
13/11/21;302.2576
14/11/21;332.7445
15/11/21;321.7208
16/11/21;316.4764
17/11/21;277.0618
18/11/21;304.0369
19/11/21;312.7216
20/11/21;159.2907
21/11/21;119.2585
22/11/21;218.6061
23/11/21;259.5199
24/11/21;286.6951
25/11/21;175.4179
26/11/21;162.2421
27/11/21;164.186
28/11/21;345.754
29/11/21;335.0565
30/11/21;279.6425
01/12/21;331.3565
02/12/21;318.1865
03/12/21;324.2001
04/12/21;317.5333
05/12/21;288.9276
06/12/21;250.0762
07/12/21;299.4245
08/12/21;215.2361
09/12/21;214.2975
10/12/21;327.643
11/12/21;305.5958
12/12/21;298.3942
13/12/21;229.8344
14/12/21;260.3364
15/12/21;320.9065
16/12/21;293.9027
17/12/21;125.0177
18/12/21;127.831
19/12/21;116.4257
20/12/21;197.5948
21/12/21;153.4468
22/12/21;221.9351
23/12/21;280.4937
24/12/21;320.8633
25/12/21;212.5647
26/12/21;122.0369
27/12/21;156.8028
28/12/21;312.0824
29/12/21;314.6456
30/12/21;321.3329
31/12/21;333.7868
01/01/22;312.1616
02/01/22;326.7525
03/01/22;276.5562
04/01/22;330.5021
05/01/22;323.1277
06/01/22;275.9529
07/01/22;271.8883
08/01/22;265.6965
09/01/22;320.5315
10/01/22;256.3094
11/01/22;277.2018
12/01/22;262.6078
13/01/22;196.371
14/01/22;238.516
15/01/22;266.3778
16/01/22;281.4615
17/01/22;223.673
18/01/22;213.4408
19/01/22;339.2257
20/01/22;283.0092
21/01/22;346.6446
22/01/22;273.094
23/01/22;213.0615
24/01/22;238.4854
25/01/22;303.6843
26/01/22;140.8368
27/01/22;170.5289
28/01/22;204.5374
29/01/22;182.679
30/01/22;238.9319
31/01/22;266.5699
01/02/22;251.8336
02/02/22;332.0532
03/02/22;316.528
04/02/22;278.3514
05/02/22;265.0158
06/02/22;221.6092
07/02/22;280.8316
08/02/22;261.3597
09/02/22;282.6208
10/02/22;266.6602
11/02/22;314.705
12/02/22;324.7713
13/02/22;334.3449
14/02/22;329.6844
15/02/22;248.5464
16/02/22;278.927
17/02/22;328.7306
18/02/22;261.7953
19/02/22;219.3102
20/02/22;309.2898
21/02/22;303.1966
22/02/22;276.6837
23/02/22;315.4544
24/02/22;313.2223
25/02/22;297.7732
26/02/22;282.088
27/02/22;286.1479
28/02/22;295.0017
01/03/22;257.7284
02/03/22;272.7973
03/03/22;284.9968
04/03/22;307.9151
05/03/22;290.7176
06/03/22;234.8863
07/03/22;241.1191
08/03/22;266.57
09/03/22;295.5563
10/03/22;264.7239
11/03/22;283.1959
12/03/22;301.1712
13/03/22;285.1856
14/03/22;255.6908
15/03/22;187.5168
16/03/22;87.6197
17/03/22;76.2213
18/03/22;155.6348
19/03/22;289.1557
20/03/22;286.6391
21/03/22;284.5609
22/03/22;229.7039
23/03/22;244.7168
24/03/22;258.7958
25/03/22;237.3964
26/03/22;91.7946
27/03/22;204.9141
28/03/22;224.2308
29/03/22;220.1641
30/03/22;277.7526
31/03/22;272.0969
01/04/22;273.4604
02/04/22;254.1054
03/04/22;230.41
04/04/22;183.7143
05/04/22;234.3328
06/04/22;220.1763
07/04/22;229.9161
08/04/22;152.8603
09/04/22;103.2735
10/04/22;108.4935
11/04/22;114.9073
12/04/22;211.5217
13/04/22;231.6887
14/04/22;162.5566
15/04/22;225.7909
16/04/22;160.742
17/04/22;72.3055
18/04/22;118.6945
19/04/22;165.0449
20/04/22;122.6982
21/04/22;106.4397
22/04/22;155.1987
23/04/22;209.4088
24/04/22;209.907
25/04/22;198.7994
26/04/22;135.9607
27/04/22;104.5958
28/04/22;180.2576
29/04/22;231.4615
30/04/22;224.3938
01/05/22;186.3371
02/05/22;219.2554
03/05/22;215.8683
04/05/22;189.2533
05/05/22;178.9119
06/05/22;213.068
07/05/22;191.0043
08/05/22;179.4535
09/05/22;213.6965
10/05/22;174.7456
11/05/22;212.7007
12/05/22;208.4115
13/05/22;209.7208
14/05/22;208.1066
15/05/22;176.9979
16/05/22;160.6605
17/05/22;118.9831
18/05/22;152.9335
19/05/22;171.1165
20/05/22;157.4718
21/05/22;190.2405
22/05/22;180.891
23/05/22;196.1791
24/05/22;197.8422
25/05/22;199.585
26/05/22;200.941
27/05/22;175.6084
28/05/22;157.7164
29/05/22;194.7729
30/05/22;191.213
31/05/22;112.184
01/06/22;194.9425
02/06/22;192.8129
03/06/22;167.4148
04/06/22;181.6938
05/06/22;188.7693
06/06/22;108.2288
07/06/22;179.6738
08/06/22;189.6534
09/06/22;188.5365
10/06/22;188.0913
11/06/22;167.0765
12/06/22;186.9397
13/06/22;189.497
14/06/22;184.4655
15/06/22;183.1292
16/06/22;189.0029
17/06/22;183.5103
18/06/22;183.6387
19/06/22;182.4869
20/06/22;180.9825
21/06/22;141.9968
22/06/22;123.7738
23/06/22;132.1365
24/06/22;169.9995
25/06/22;156.3975
26/06/22;143.1413
27/06/22;117.1513
28/06/22;109.5706
29/06/22;89.5714
30/06/22;121.5489
01/07/22;118.4866
02/07/22;158.6844
03/07/22;176.4563
04/07/22;183.011
05/07/22;184.932
06/07/22;185.6441
07/07/22;185.7479
08/07/22;185.5376
09/07/22;170.3459
10/07/22;180.5576
11/07/22;155.4938
12/07/22;139.2479
13/07/22;160.0391
14/07/22;189.328
15/07/22;173.9194
16/07/22;158.9916
17/07/22;141.8103
18/07/22;168.5337
19/07/22;165.9325
20/07/22;91.1513
21/07/22;117.9604
22/07/22;178.1294
23/07/22;183.5594
24/07/22;194.0967
25/07/22;128.0027
26/07/22;183.8583
27/07/22;201.674
28/07/22;203.8859
29/07/22;204.8896
30/07/22;207.2542
31/07/22;207.1234
01/08/22;124.8316
02/08/22;100.4917
03/08/22;154.5593
04/08/22;191.7915
05/08/22;209.8763
06/08/22;212.9259
07/08/22;214.49
08/08/22;216.5947
09/08/22;222.8745
10/08/22;218.2647
11/08/22;219.8338
12/08/22;223.7201
13/08/22;224.8838
14/08/22;226.7137
15/08/22;234.7902
16/08/22;227.6342
17/08/22;231.6436
18/08/22;231.8399
19/08/22;234.8814
20/08/22;239.9813
21/08/22;192.6538
22/08/22;232.33
23/08/22;237.4615
24/08/22;237.8535
25/08/22;241.6363
26/08/22;245.4255
27/08/22;244.9201
28/08/22;245.0979
29/08/22;246.0454
30/08/22;210.6577
31/08/22;177.6826
01/09/22;255.9127
02/09/22;256.1635
03/09/22;258.9271
04/09/22;259.4174
05/09/22;254.186
06/09/22;256.0558
07/09/22;178.701
08/09/22;249.4137
09/09/22;260.7528
10/09/22;264.636
11/09/22;271.661
12/09/22;274.028
13/09/22;197.3759
14/09/22;126.7319
15/09/22;271.7727
16/09/22;273.939
17/09/22;278.7111
18/09/22;279.105
19/09/22;267.2172
20/09/22;255.8438
21/09/22;135.4957
22/09/22;148.235
23/09/22;278.713
24/09/22;281.0111
25/09/22;288.6275
26/09/22;291.688
27/09/22;290.9401
28/09/22;269.0097
29/09/22;257.9736
30/09/22;297.8987
01/10/22;299.5323
02/10/22;298.419
03/10/22;299.6092
04/10/22;300.1063
05/10/22;284.0474
06/10/22;304.382
07/10/22;308.4419
08/10/22;291.749
09/10/22;310.0911
10/10/22;293.4498
11/10/22;279.3451
12/10/22;313.7528
13/10/22;318.3601
14/10/22;313.2807
15/10/22;306.7646
16/10/22;219.8047
17/10/22;197.5739
18/10/22;308.4476
19/10/22;282.7131
20/10/22;313.8287
21/10/22;304.1642
22/10/22;311.794
23/10/22;212.9786
24/10/22;256.9272
25/10/22;316.09
26/10/22;287.7897
27/10/22;206.0958
28/10/22;319.805
29/10/22;203.6172
30/10/22;295.4572
31/10/22;250.0206
01/11/22;138.3893
02/11/22;101.844
03/11/22;165.3127
04/11/22;316.7538
05/11/22;312.3815
06/11/22;309.5445
07/11/22;258.3564
08/11/22;202.6637
09/11/22;299.5728
10/11/22;276.3489
11/11/22;220.4644
12/11/22;212.679
13/11/22;252.6505
14/11/22;212.5007
15/11/22;325.7855
16/11/22;344.2499
17/11/22;339.9223
18/11/22;322.9128
19/11/22;326.5572
20/11/22;327.1544
21/11/22;284.1547
22/11/22;211.6181
23/11/22;292.1053
24/11/22;325.1123
25/11/22;316.5832
26/11/22;258.401
27/11/22;109.5669
28/11/22;231.2974
29/11/22;277.5514
30/11/22;226.7192
01/12/22;347.5308
02/12/22;350.0894
03/12/22;323.0295
04/12/22;335.8949
05/12/22;319.6937
06/12/22;335.5119
07/12/22;277.3697
08/12/22;298.2557
09/12/22;269.4227
10/12/22;265.2497
11/12/22;263.6567
12/12/22;269.3062
13/12/22;245.7471
14/12/22;265.153
15/12/22;313.181
16/12/22;291.0959
17/12/22;233.2477
18/12/22;274.0374
19/12/22;249.3366
20/12/22;331.8308
21/12/22;192.2624
22/12/22;225.6222
23/12/22;365.3553
24/12/22;368.3952
25/12/22;366.6637
26/12/22;350.1385
27/12/22;293.2229
01/01/23;175.3074
02/01/23;242.3301
03/01/23;302.0409
04/01/23;296.8481
05/01/23;190.3906
06/01/23;193.4176
07/01/23;167.5625
08/01/23;213.4435
09/01/23;349.7343
10/01/23;342.3464
11/01/23;353.1337
12/01/23;361.9054
13/01/23;251.1795
14/01/23;265.9925
15/01/23;303.4575
16/01/23;319.6878
17/01/23;273.1662
18/01/23;275.1993
19/01/23;312.5608
20/01/23;323.0211
21/01/23;329.868
22/01/23;315.9846
23/01/23;268.2633
24/01/23;279.2631
25/01/23;335.2367
26/01/23;260.5289
27/01/23;356.3998
28/01/23;340.3936
29/01/23;293.2726
30/01/23;157.8449
31/01/23;265.7264
01/02/23;256.6296
02/02/23;217.5745
03/02/23;247.1438
04/02/23;181.9154
05/02/23;263.4042
06/02/23;299.6545
07/02/23;280.7557
08/02/23;237.1608
09/02/23;224.5618
10/02/23;195.3688
11/02/23;221.9654
12/02/23;236.4981
13/02/23;186.9738
14/02/23;190.766
15/02/23;218.6169
16/02/23;256.1884
17/02/23;213.5806
18/02/23;151.4149
19/02/23;146.7499
20/02/23;226.3242
21/02/23;313.7002
22/02/23;211.0516
23/02/23;209.4135
24/02/23;317.9532
25/02/23;308.2338
26/02/23;280.432
27/02/23;253.5753
28/02/23;224.9397
01/03/23;296.9931
02/03/23;268.3627
03/03/23;229.7153
04/03/23;247.1554
05/03/23;288.5368
06/03/23;276.4532
07/03/23;210.3176
08/03/23;266.5991
09/03/23;283.2368
10/03/23;224.4865
11/03/23;272.5702
12/03/23;273.0105
13/03/23;226.3261
14/03/23;234.6858
15/03/23;251.4866
16/03/23;260.0319
17/03/23;289.5212
18/03/23;294.9346
19/03/23;290.6628
20/03/23;288.6703
21/03/23;283.6776
22/03/23;267.5202
23/03/23;195.1414
24/03/23;196.8703
25/03/23;170.3242
26/03/23;208.0414
27/03/23;132.1851
28/03/23;123.9529
29/03/23;263.9953
30/03/23;249.0209
31/03/23;248.9406
01/04/23;242.1934
02/04/23;241.7167
03/04/23;241.0288
04/04/23;233.7795
05/04/23;131.215
06/04/23;200.1548
07/04/23;258.0123
08/04/23;262.9974
09/04/23;253.7952
10/04/23;216.6893
11/04/23;234.775
12/04/23;184.0264
13/04/23;255.1408
14/04/23;252.422
15/04/23;143.2454
16/04/23;149.8216
17/04/23;226.3588
18/04/23;247.788
19/04/23;247.0006
20/04/23;246.6182
21/04/23;235.098
22/04/23;233.3178
23/04/23;238.7731
24/04/23;233.5259
25/04/23;233.3686
26/04/23;225.9216
27/04/23;229.3382
28/04/23;220.278
29/04/23;225.7886
30/04/23;219.5834
01/05/23;164.134
02/05/23;214.9222
03/05/23;210.7689
04/05/23;217.7809
05/05/23;218.4624
06/05/23;216.565
07/05/23;214.9036
08/05/23;184.5981
09/05/23;128.9565
10/05/23;176.9824
11/05/23;201.2243
12/05/23;212.8429
13/05/23;210.7791
14/05/23;201.278
15/05/23;190.5444
16/05/23;97.0179
17/05/23;195.8613
18/05/23;177.2577
19/05/23;194.8066
20/05/23;133.2033
21/05/23;185.5145
22/05/23;202.4735
23/05/23;110.041
24/05/23;195.6965
25/05/23;196.3125
26/05/23;194.7587
27/05/23;148.3251
28/05/23;162.6138
29/05/23;194.2693
30/05/23;191.7724
31/05/23;165.1899
01/06/23;193.0167
02/06/23;194.6533
03/06/23;191.6688
04/06/23;174.2477
05/06/23;184.0621
06/06/23;155.5146
07/06/23;154.9764
08/06/23;186.206
09/06/23;170.0854
10/06/23;182.2794
11/06/23;175.2918
12/06/23;173.5747
13/06/23;189.4816
14/06/23;188.7917
15/06/23;188.935
16/06/23;187.8914
17/06/23;174.7323
18/06/23;186.0463
19/06/23;186.1293
20/06/23;188.1651
21/06/23;158.6051
22/06/23;182.4196
23/06/23;103.9175
24/06/23;182.4547
25/06/23;185.0805
26/06/23;186.067
27/06/23;185.2638
28/06/23;182.3973
29/06/23;174.347
30/06/23;187.3011
01/07/23;184.7945
02/07/23;185.5264
03/07/23;152.7426
04/07/23;176.4725
05/07/23;185.6847
06/07/23;168.0725
07/07/23;183.9919
08/07/23;187.3575
09/07/23;191.2825
10/07/23;204.0081
11/07/23;178.9898
12/07/23;130.2225
13/07/23;184.8683
14/07/23;172.318
15/07/23;156.5581
16/07/23;193.8157
17/07/23;195.3665
18/07/23;197.5653
19/07/23;198.9043
20/07/23;125.8205
21/07/23;68.6938
22/07/23;90.7385
23/07/23;199.8705
24/07/23;202.3966
25/07/23;100.5196
26/07/23;112.5823
27/07/23;200.0763
28/07/23;203.4011
29/07/23;205.3455
30/07/23;209.017
31/07/23;213.7159
01/08/23;213.5953
02/08/23;129.2686
03/08/23;124.7731
04/08/23;172.1633
05/08/23;140.1536
06/08/23;152.8373
07/08/23;215.6406
08/08/23;217.424
09/08/23;218.2828
10/08/23;140.5326
11/08/23;185.4942
12/08/23;211.2334
13/08/23;222.0861
14/08/23;224.957
15/08/23;226.1631
16/08/23;182.3205
17/08/23;211.4343
18/08/23;229.0479
19/08/23;228.2389
20/08/23;228.6272
21/08/23;230.8308
22/08/23;233.9816
23/08/23;235.753
24/08/23;234.134
25/08/23;222.8639
26/08/23;241.2139
27/08/23;198.0282
28/08/23;170.9071
29/08/23;226.003
30/08/23;223.6261
31/08/23;248.5152
01/09/23;252.4033
02/09/23;253.538
03/09/23;253.6712
04/09/23;254.4644
05/09/23;258.0837
06/09/23;256.4536
07/09/23;248.2086
08/09/23;258.0012
09/09/23;259.7477
10/09/23;262.041
11/09/23;268.0971
12/09/23;201.2389
13/09/23;119.1686
14/09/23;226.1237
15/09/23;271.5309
16/09/23;280.6465
17/09/23;276.233
18/09/23;147.8241
19/09/23;252.8917
20/09/23;264.073
21/09/23;266.9699
22/09/23;276.9633
23/09/23;287.328
24/09/23;284.3787
25/09/23;275.8428
26/09/23;285.341
27/09/23;141.0927
28/09/23;108.1753
29/09/23;142.54
30/09/23;293.9147
01/10/23;288.3132
02/10/23;245.4857
03/10/23;293.9867
04/10/23;309.5871
05/10/23;309.0631
06/10/23;310.3644
07/10/23;308.9136
08/10/23;296.974
09/10/23;157.1864
10/10/23;250.7393
11/10/23;303.8526
12/10/23;308.5089
13/10/23;287.8265
14/10/23;299.0614
15/10/23;167.1304
16/10/23;129.1454
17/10/23;212.7584
18/10/23;266.3044
19/10/23;307.0759
20/10/23;315.5951
21/10/23;325.9233
22/10/23;323.8293
23/10/23;244.805
24/10/23;329.0155
25/10/23;318.6744
26/10/23;306.2448
27/10/23;332.6699
28/10/23;314.095
29/10/23;252.4792
30/10/23;149.8871
31/10/23;118.5532
01/11/23;97.4624
02/11/23;189.9329
03/11/23;327.5209
04/11/23;326.5442
05/11/23;303.5788
06/11/23;316.0956
07/11/23;196.6643
08/11/23;192.2945
09/11/23;335.3863
10/11/23;318.8896
11/11/23;340.1926
12/11/23;344.8301
13/11/23;312.5874
14/11/23;144.8925
15/11/23;196.1678
16/11/23;337.0105
17/11/23;318.3707
18/11/23;313.7278
19/11/23;279.2812
20/11/23;302.1418
21/11/23;299.7681
22/11/23;308.2766
23/11/23;345.9599
24/11/23;348.5222
25/11/23;353.6086
26/11/23;344.3793
27/11/23;343.697
28/11/23;346.6138
29/11/23;328.2206
30/11/23;192.4837
01/12/23;324.3624
02/12/23;361.1999
03/12/23;361.1169
04/12/23;362.1929
05/12/23;361.7472
06/12/23;349.7095
07/12/23;290.015
08/12/23;326.8313
09/12/23;297.9648
10/12/23;243.5106
11/12/23;137.2614
12/12/23;293.3227
13/12/23;255.6238
14/12/23;200.161
15/12/23;197.1957
16/12/23;143.2153
17/12/23;140.9612
18/12/23;264.3186
19/12/23;304.5315
20/12/23;323.4786
21/12/23;353.0904
22/12/23;321.7723
23/12/23;341.1176
24/12/23;342.855
25/12/23;264.1758
26/12/23;117.3307
27/12/23;101.0593
28/12/23;159.2027
29/12/23;118.3172
30/12/23;268.4554
31/12/23;285.6536
01/01/24;336.7768
02/01/24;248.026
03/01/24;212.4273
04/01/24;306.5643
05/01/24;209.629
06/01/24;346.0607
07/01/24;335.2513
08/01/24;335.4308
09/01/24;294.4951
10/01/24;307.0116
11/01/24;325.6293
12/01/24;243.6295
13/01/24;296.042
14/01/24;274.2318
15/01/24;302.7454
16/01/24;300.8639
17/01/24;231.8593
18/01/24;106.2741
19/01/24;129.0771
20/01/24;307.9345
21/01/24;267.1605
22/01/24;329.992
23/01/24;235.3565
24/01/24;213.6419
25/01/24;187.7808
26/01/24;300.1248
27/01/24;275.7736
28/01/24;248.7635
29/01/24;326.6857
30/01/24;298.4945
31/01/24;272.2354
01/02/24;240.4986
02/02/24;263.7158
03/02/24;308.8113
04/02/24;325.5858
05/02/24;325.1089
06/02/24;310.3435
07/02/24;322.767
08/02/24;305.2589
09/02/24;260.7541
10/02/24;280.9138
11/02/24;179.2945
12/02/24;280.525
13/02/24;315.9443
14/02/24;328.9269
15/02/24;336.3631
16/02/24;330.088
17/02/24;303.4431
18/02/24;315.653
19/02/24;320.2386
20/02/24;277.6837
21/02/24;316.689
22/02/24;321.3657
23/02/24;323.1907
24/02/24;323.085
25/02/24;302.1316
26/02/24;279.0884
27/02/24;134.159
28/02/24;181.7711
29/02/24;240.588
01/03/24;259.3131
02/03/24;313.8147
03/03/24;283.7853
04/03/24;308.3413
05/03/24;285.7734
06/03/24;251.6254
07/03/24;275.3146
08/03/24;300.2944
09/03/24;271.8762
10/03/24;291.7227
11/03/24;294.2124
12/03/24;273.0671
13/03/24;274.3469
14/03/24;68.4222
15/03/24;46.6979
16/03/24;239.3764
17/03/24;257.1014
18/03/24;161.4913
19/03/24;257.7538
20/03/24;271.8396
21/03/24;234.3335
22/03/24;263.4436
23/03/24;207.186
24/03/24;186.2384
25/03/24;210.9824
26/03/24;152.005
27/03/24;150.423
28/03/24;273.6632
29/03/24;251.9039
30/03/24;156.7244
31/03/24;177.8937
01/04/24;186.6977
02/04/24;227.4851
03/04/24;230.0264
04/04/24;138.2865
05/04/24;179.3671
06/04/24;194.7449
07/04/24;103.099
08/04/24;74.386
09/04/24;176.5063
10/04/24;258.5622
11/04/24;210.618
12/04/24;135.0213
13/04/24;175.8176
14/04/24;252.2485
15/04/24;239.1504
16/04/24;162.7131
17/04/24;222.7392
18/04/24;236.2324
19/04/24;230.7625
20/04/24;240.808
21/04/24;242.3817
22/04/24;244.3954
23/04/24;242.6958
24/04/24;232.9034
25/04/24;233.2716
26/04/24;166.0897
27/04/24;165.3807
28/04/24;231.5592
29/04/24;225.1854
30/04/24;229.5165
01/05/24;228.024
02/05/24;228.0102
03/05/24;219.7698
04/05/24;205.5593
05/05/24;222.6464
06/05/24;222.6658
07/05/24;219.7994
08/05/24;219.5991
09/05/24;218.6393
10/05/24;217.3319
11/05/24;218.0343
12/05/24;207.2124
13/05/24;163.4001
14/05/24;108.5719
15/05/24;186.5163
16/05/24;205.7482
17/05/24;207.3468
18/05/24;205.0752
19/05/24;186.9155
20/05/24;199.9076
21/05/24;188.2451
22/05/24;199.0122
23/05/24;144.159
24/05/24;197.4188
25/05/24;196.6872
26/05/24;196.8105
27/05/24;196.5709
28/05/24;186.3822
29/05/24;185.556
30/05/24;194.4188
31/05/24;192.4882
01/06/24;191.2518
02/06/24;169.9954
03/06/24;191.0572
04/06/24;196.4002
05/06/24;196.9958
06/06/24;191.9719
07/06/24;191.9793
08/06/24;173.8478
09/06/24;162.6943
10/06/24;182.8225
11/06/24;187.1783
12/06/24;186.6861
13/06/24;188.5378
14/06/24;184.4329
15/06/24;183.5168
16/06/24;139.9035
17/06/24;183.3964
18/06/24;182.0067
19/06/24;184.6185
20/06/24;183.9686
21/06/24;152.9319
22/06/24;176.2244
23/06/24;141.1377
24/06/24;151.9138
25/06/24;118.7885
26/06/24;117.1795
27/06/24;91.9223
28/06/24;88.296
29/06/24;173.0519
30/06/24;175.0032
01/07/24;185.4483
02/07/24;185.3479
03/07/24;186.5602
04/07/24;189.738
05/07/24;194.731
06/07/24;199.6729
07/07/24;197.319
08/07/24;193.3888
09/07/24;198.6486
10/07/24;198.1233
11/07/24;200.2183
12/07/24;199.3511
13/07/24;199.1616
14/07/24;198.8348
15/07/24;198.4411
16/07/24;193.1556
17/07/24;195.8741
18/07/24;198.2068
19/07/24;199.9329
20/07/24;200.3205
21/07/24;198.5674
22/07/24;197.2793
23/07/24;198.6997
24/07/24;203.7501
25/07/24;206.3378
26/07/24;202.1614
27/07/24;203.9715
28/07/24;214.3433
29/07/24;214.3278
30/07/24;207.9941
31/07/24;204.55
01/08/24;132.2475