;(deg C) Mean Temperature (ERA5_AG) at CE_ID_0. 2019-08-01 to 2024-08-01
01/08/19;18.687
02/08/19;18.994
03/08/19;19.4186
04/08/19;21.8475
05/08/19;22.4566
06/08/19;22.5046
07/08/19;22.653
08/08/19;22.3631
09/08/19;20.6511
10/08/19;18.1908
11/08/19;19.3821
12/08/19;20.4991
13/08/19;20.2969
14/08/19;20.7508
15/08/19;20.39
16/08/19;19.339
17/08/19;21.8121
18/08/19;18.4684
19/08/19;18.8867
20/08/19;18.5865
21/08/19;17.1965
22/08/19;16.966
23/08/19;17.7235
24/08/19;18.7143
25/08/19;19.6705
26/08/19;21.7412
27/08/19;22.2565
28/08/19;23.7469
29/08/19;22.7021
30/08/19;23.7096
31/08/19;24.8671
01/09/19;19.853
02/09/19;19.9722
03/09/19;21.0902
04/09/19;21.544
05/09/19;23.1545
06/09/19;18.498
07/09/19;15.5571
08/09/19;15.2142
09/09/19;17.9436
10/09/19;21.642
11/09/19;22.6316
12/09/19;24.0197
13/09/19;25.078
14/09/19;23.969
15/09/19;22.4308
16/09/19;24.7628
17/09/19;25.4951
18/09/19;26.0406
19/09/19;24.7725
20/09/19;24.8342
21/09/19;25.072
22/09/19;26.2976
23/09/19;25.9891
24/09/19;18.6282
25/09/19;18.642
26/09/19;16.9951
27/09/19;17.9754
28/09/19;22.0555
29/09/19;24.5691
30/09/19;27.2369
01/10/19;18.9324
02/10/19;19.3869
03/10/19;22.2154
04/10/19;25.3306
05/10/19;27.2277
06/10/19;27.1872
07/10/19;26.9818
08/10/19;29.0718
09/10/19;29.094
10/10/19;25.0332
11/10/19;18.619
12/10/19;23.0286
13/10/19;26.6038
14/10/19;24.106
15/10/19;26.5558
16/10/19;23.8205
17/10/19;23.6327
18/10/19;25.5256
19/10/19;27.7313
20/10/19;29.6201
21/10/19;31.5849
22/10/19;24.9492
23/10/19;25.9846
24/10/19;29.4284
25/10/19;30.0822
26/10/19;32.9106
27/10/19;31.4163
28/10/19;33.3153
29/10/19;28.0894
30/10/19;22.8666
31/10/19;24.0845
01/11/19;23.658
02/11/19;25.0889
03/11/19;30.3586
04/11/19;29.9405
05/11/19;27.3615
06/11/19;28.0476
07/11/19;30.6403
08/11/19;30.3339
09/11/19;22.2387
10/11/19;23.5578
11/11/19;25.727
12/11/19;24.4538
13/11/19;24.4809
14/11/19;28.1633
15/11/19;27.7232
16/11/19;28.9287
17/11/19;30.1458
18/11/19;28.9047
19/11/19;27.4691
20/11/19;25.5307
21/11/19;25.0003
22/11/19;26.8165
23/11/19;27.6634
24/11/19;27.8489
25/11/19;28.3589
26/11/19;28.1294
27/11/19;27.6497
28/11/19;28.8278
29/11/19;29.4047
30/11/19;29.3088
01/12/19;29.5151
02/12/19;29.9469
03/12/19;32.3942
04/12/19;21.8552
05/12/19;17.6903
06/12/19;21.6629
07/12/19;24.8078
08/12/19;22.4053
09/12/19;21.547
10/12/19;19.2868
11/12/19;21.5949
12/12/19;24.7453
13/12/19;22.873
14/12/19;24.4102
15/12/19;27.8072
16/12/19;23.2589
17/12/19;22.7903
18/12/19;26.0984
19/12/19;29.104
20/12/19;31.5234
21/12/19;30.8653
22/12/19;29.9433
23/12/19;26.5297
24/12/19;29.0784
25/12/19;31.7763
26/12/19;32.9203
27/12/19;32.0723
28/12/19;24.4747
29/12/19;26.7072
30/12/19;29.7024
31/12/19;30.9466
01/01/20;28.6093
02/01/20;29.9014
03/01/20;31.3895
04/01/20;31.4281
05/01/20;31.1412
06/01/20;31.2107
07/01/20;30.4629
08/01/20;30.7066
09/01/20;27.5285
10/01/20;26.5271
11/01/20;26.0642
12/01/20;26.8349
13/01/20;27.8118
14/01/20;24.3211
15/01/20;25.7164
16/01/20;25.7162
17/01/20;26.3813
18/01/20;24.9598
19/01/20;24.3311
20/01/20;22.6893
21/01/20;21.6327
22/01/20;23.3701
23/01/20;26.4861
24/01/20;24.468
25/01/20;25.2163
26/01/20;27.9238
27/01/20;27.8791
28/01/20;24.0023
29/01/20;26.5122
30/01/20;27.257
31/01/20;26.5904
01/02/20;28.626
02/02/20;27.6572
03/02/20;26.1844
04/02/20;28.2689
05/02/20;28.7725
06/02/20;27.9118
07/02/20;26.7531
08/02/20;24.0569
09/02/20;23.7922
10/02/20;22.813
11/02/20;22.1422
12/02/20;21.752
13/02/20;22.587
14/02/20;24.7477
15/02/20;26.2756
16/02/20;25.8572
17/02/20;26.4465
18/02/20;26.1196
19/02/20;25.8412
20/02/20;26.0475
21/02/20;27.4167
22/02/20;27.3467
23/02/20;22.6786
24/02/20;18.807
25/02/20;20.6593
26/02/20;21.5403
27/02/20;22.9877
28/02/20;25.2194
29/02/20;22.5609
01/03/20;21.616
02/03/20;20.2691
03/03/20;22.0784
04/03/20;22.8962
05/03/20;22.5632
06/03/20;23.1849
07/03/20;23.7552
08/03/20;24.1606
09/03/20;24.1773
10/03/20;24.9155
11/03/20;26.4067
12/03/20;27.1014
13/03/20;26.3659
14/03/20;27.5245
15/03/20;28.1345
16/03/20;27.0395
17/03/20;22.4223
18/03/20;23.851
19/03/20;25.9711
20/03/20;27.0881
21/03/20;26.2756
22/03/20;25.8906
23/03/20;25.7895
24/03/20;25.5411
25/03/20;26.5683
26/03/20;28.3951
27/03/20;23.594
28/03/20;21.7904
29/03/20;23.7228
30/03/20;24.2151
31/03/20;24.3818
01/04/20;26.1766
02/04/20;23.1511
03/04/20;21.1621
04/04/20;19.8406
05/04/20;22.1547
06/04/20;23.5574
07/04/20;26.2607
08/04/20;22.4061
09/04/20;20.6611
10/04/20;21.3639
11/04/20;21.4485
12/04/20;23.9545
13/04/20;26.1257
14/04/20;27.468
15/04/20;24.1251
16/04/20;25.0369
17/04/20;23.5287
18/04/20;23.3306
19/04/20;22.2593
20/04/20;21.3073
21/04/20;21.616
22/04/20;21.7754
23/04/20;21.4915
24/04/20;21.354
25/04/20;21.4228
26/04/20;21.721
27/04/20;20.8618
28/04/20;19.4212
29/04/20;19.7352
30/04/20;20.1919
01/05/20;19.2032
02/05/20;20.0648
03/05/20;20.408
04/05/20;21.0524
05/05/20;19.7937
06/05/20;20.5394
07/05/20;19.3119
08/05/20;18.6661
09/05/20;18.9665
10/05/20;18.0697
11/05/20;17.7349
12/05/20;18.1991
13/05/20;18.611
14/05/20;18.7623
15/05/20;18.6926
16/05/20;19.4048
17/05/20;17.6339
18/05/20;17.4432
19/05/20;17.7895
20/05/20;18.0177
21/05/20;17.22
22/05/20;16.8247
23/05/20;16.9522
24/05/20;16.7905
25/05/20;18.1838
26/05/20;21.1044
27/05/20;14.6525
28/05/20;13.5848
29/05/20;15.6768
30/05/20;17.3842
31/05/20;17.2068
01/06/20;17.4112
02/06/20;17.0088
03/06/20;16.0724
04/06/20;16.45
05/06/20;16.0422
06/06/20;15.9462
07/06/20;15.8504
08/06/20;14.8264
09/06/20;15.7078
10/06/20;17.0366
11/06/20;19.9556
12/06/20;14.1432
13/06/20;12.4678
14/06/20;13.6255
15/06/20;14.7518
16/06/20;15.7218
17/06/20;14.3486
18/06/20;14.0138
19/06/20;14.9953
20/06/20;14.2186
21/06/20;14.328
22/06/20;15.1634
23/06/20;14.4513
24/06/20;14.2917
25/06/20;14.8425
26/06/20;16.1787
27/06/20;15.7139
28/06/20;15.9264
29/06/20;14.7959
30/06/20;15.8892
01/07/20;15.5515
02/07/20;14.6922
03/07/20;17.2912
04/07/20;15.8458
05/07/20;15.3403
06/07/20;16.0175
07/07/20;15.8376
08/07/20;17.3659
09/07/20;16.6744
10/07/20;18.6267
11/07/20;17.8062
12/07/20;13.5472
13/07/20;12.4075
14/07/20;15.4161
15/07/20;14.0242
16/07/20;11.4736
17/07/20;11.8989
18/07/20;12.6019
19/07/20;14.2824
20/07/20;14.4837
21/07/20;13.7986
22/07/20;14.0053
23/07/20;14.9461
24/07/20;16.349
25/07/20;15.323
26/07/20;13.9161
27/07/20;15.2814
28/07/20;14.3095
29/07/20;14.8561
30/07/20;16.8202
31/07/20;16.3854
01/08/20;16.032
02/08/20;16.5964
03/08/20;16.196
04/08/20;17.0231
05/08/20;17.9399
06/08/20;19.1189
07/08/20;16.6044
08/08/20;15.1956
09/08/20;17.2575
10/08/20;20.1435
11/08/20;18.5407
12/08/20;19.0716
13/08/20;21.0656
14/08/20;17.2927
15/08/20;19.094
16/08/20;21.8357
17/08/20;18.0751
18/08/20;20.5731
19/08/20;17.606
20/08/20;15.2536
21/08/20;16.3935
22/08/20;16.0758
23/08/20;16.4783
24/08/20;19.2662
25/08/20;21.8368
26/08/20;23.4434
27/08/20;18.4439
28/08/20;23.3924
29/08/20;26.0727
30/08/20;20.3421
31/08/20;15.0045
01/09/20;15.7473
02/09/20;15.7046
03/09/20;18.3852
04/09/20;20.0801
05/09/20;19.105
06/09/20;18.1864
07/09/20;18.805
08/09/20;20.3454
09/09/20;20.213
10/09/20;21.7524
11/09/20;20.5251
12/09/20;20.5512
13/09/20;21.4462
14/09/20;23.5072
15/09/20;26.5379
16/09/20;26.5412
17/09/20;25.4629
18/09/20;22.7035
19/09/20;25.9721
20/09/20;26.3206
21/09/20;26.8652
22/09/20;18.1379
23/09/20;20.1111
24/09/20;23.2537
25/09/20;25.9538
26/09/20;29.4557
27/09/20;24.2709
28/09/20;23.2968
29/09/20;21.5939
30/09/20;19.6728
01/10/20;22.4982
02/10/20;19.7459
03/10/20;20.9152
04/10/20;24.0595
05/10/20;23.607
06/10/20;19.5824
07/10/20;18.7721
08/10/20;19.3488
09/10/20;23.1201
10/10/20;27.0095
11/10/20;16.8159
12/10/20;16.0921
13/10/20;19.4816
14/10/20;22.0516
15/10/20;21.5292
16/10/20;25.7434
17/10/20;24.1543
18/10/20;27.6459
19/10/20;28.9038
20/10/20;29.226
21/10/20;24.2618
22/10/20;24.0656
23/10/20;25.7491
24/10/20;26.796
25/10/20;26.9171
26/10/20;26.4812
27/10/20;26.9526
28/10/20;27.5805
29/10/20;27.3261
30/10/20;27.8954
31/10/20;25.5802
01/11/20;21.1747
02/11/20;24.2942
03/11/20;25.3828
04/11/20;25.2047
05/11/20;24.2283
06/11/20;27.3299
07/11/20;30.4208
08/11/20;31.8089
09/11/20;31.2092
10/11/20;25.653
11/11/20;23.245
12/11/20;22.5191
13/11/20;23.999
14/11/20;26.0138
15/11/20;27.6522
16/11/20;28.6024
17/11/20;28.7494
18/11/20;28.0409
19/11/20;29.7596
20/11/20;24.3451
21/11/20;24.5983
22/11/20;27.732
23/11/20;27.1023
24/11/20;29.3663
25/11/20;27.026
26/11/20;24.3145
27/11/20;26.08
28/11/20;23.4101
29/11/20;24.865
30/11/20;23.4975
01/12/20;26.8337
02/12/20;25.6499
03/12/20;21.8308
04/12/20;24.4682
05/12/20;19.9597
06/12/20;19.9096
07/12/20;21.8724
08/12/20;23.1258
09/12/20;24.8944
10/12/20;27.3809
11/12/20;29.1171
12/12/20;30.5165
13/12/20;25.8346
14/12/20;25.3579
15/12/20;23.378
16/12/20;22.444
17/12/20;21.8234
18/12/20;23.03
19/12/20;22.9664
20/12/20;24.249
21/12/20;25.3345
22/12/20;27.2628
23/12/20;28.5683
24/12/20;24.2393
25/12/20;23.3538
26/12/20;25.0784
27/12/20;26.1463
28/12/20;27.8106
29/12/20;27.5215
30/12/20;28.2617
31/12/20;27.2103
01/01/21;26.9101
02/01/21;23.5354
03/01/21;22.5452
04/01/21;25.0783
05/01/21;27.6458
06/01/21;28.5739
07/01/21;23.6746
08/01/21;24.4263
09/01/21;26.1607
10/01/21;26.7956
11/01/21;25.5449
12/01/21;25.8755
13/01/21;27.4283
14/01/21;26.6396
15/01/21;25.9095
16/01/21;24.9855
17/01/21;25.4924
18/01/21;24.6087
19/01/21;22.9494
20/01/21;25.3918
21/01/21;23.8875
22/01/21;24.3276
23/01/21;24.2973
24/01/21;22.8484
25/01/21;24.0309
26/01/21;24.5637
27/01/21;25.811
28/01/21;25.5448
29/01/21;22.6829
30/01/21;24.9033
31/01/21;25.6268
01/02/21;23.9485
02/02/21;22.2341
03/02/21;23.1629
04/02/21;25.163
05/02/21;23.7718
06/02/21;24.4068
07/02/21;23.4336
08/02/21;24.4085
09/02/21;24.8382
10/02/21;24.0684
11/02/21;24.428
12/02/21;25.252
13/02/21;25.7408
14/02/21;24.972
15/02/21;25.264
16/02/21;23.4179
17/02/21;23.0017
18/02/21;25.6514
19/02/21;26.8217
20/02/21;27.276
21/02/21;26.1568
22/02/21;23.782
23/02/21;23.4847
24/02/21;24.0779
25/02/21;23.0097
26/02/21;22.3705
27/02/21;20.6517
28/02/21;19.4615
01/03/21;20.3665
02/03/21;21.6899
03/03/21;21.9705
04/03/21;23.3521
05/03/21;24.4222
06/03/21;23.7483
07/03/21;24.1414
08/03/21;24.9204
09/03/21;26.0435
10/03/21;26.4355
11/03/21;26.5155
12/03/21;23.9269
13/03/21;23.2302
14/03/21;22.0756
15/03/21;22.7691
16/03/21;23.986
17/03/21;24.4469
18/03/21;24.6052
19/03/21;25.3206
20/03/21;24.752
21/03/21;24.4371
22/03/21;22.3158
23/03/21;22.2091
24/03/21;21.7576
25/03/21;22.3092
26/03/21;23.3989
27/03/21;24.3371
28/03/21;22.8846
29/03/21;20.6234
30/03/21;21.8759
31/03/21;21.8426
01/04/21;23.1292
02/04/21;23.3461
03/04/21;24.7437
04/04/21;21.4103
05/04/21;23.4867
06/04/21;22.2746
07/04/21;21.1024
08/04/21;21.5278
09/04/21;22.0106
10/04/21;22.4966
11/04/21;22.4287
12/04/21;22.5998
13/04/21;22.5109
14/04/21;22.1853
15/04/21;22.9646
16/04/21;22.9981
17/04/21;18.8065
18/04/21;18.1899
19/04/21;18.043
20/04/21;18.9501
21/04/21;18.9074
22/04/21;19.0804
23/04/21;19.924
24/04/21;21.0702
25/04/21;21.5636
26/04/21;21.7272
27/04/21;21.8828
28/04/21;22.4114
29/04/21;23.0675
30/04/21;19.5673
01/05/21;19.2869
02/05/21;18.1855
03/05/21;16.812
04/05/21;17.1405
05/05/21;18.8852
06/05/21;19.7529
07/05/21;19.4318
08/05/21;18.6257
09/05/21;19.5243
10/05/21;17.7725
11/05/21;18.246
12/05/21;18.2188
13/05/21;17.8186
14/05/21;17.8498
15/05/21;18.2974
16/05/21;19.0109
17/05/21;19.5184
18/05/21;17.7872
19/05/21;17.1572
20/05/21;17.4732
21/05/21;19.5643
22/05/21;18.1126
23/05/21;16.2
24/05/21;15.2521
25/05/21;15.2103
26/05/21;16.1137
27/05/21;16.3982
28/05/21;16.391
29/05/21;17.0012
30/05/21;17.7355
31/05/21;16.5563
01/06/21;18.8432
02/06/21;16.0604
03/06/21;14.5154
04/06/21;14.6853
05/06/21;14.1182
06/06/21;14.5685
07/06/21;14.8939
08/06/21;15.5533
09/06/21;15.2863
10/06/21;14.788
11/06/21;15.0905
12/06/21;15.95
13/06/21;16.3858
14/06/21;16.479
15/06/21;15.4967
16/06/21;15.0543
17/06/21;16.2695
18/06/21;17.543
19/06/21;17.1238
20/06/21;15.6982
21/06/21;14.3081
22/06/21;15.4784
23/06/21;16.4255
24/06/21;16.2138
25/06/21;17.1433
26/06/21;18.5346
27/06/21;18.5096
28/06/21;17.9351
29/06/21;19.8195
30/06/21;20.3684
01/07/21;19.2827
02/07/21;19.4414
03/07/21;17.6323
04/07/21;17.5248
05/07/21;16.844
06/07/21;16.6699
07/07/21;14.9774
08/07/21;14.3642
09/07/21;14.9017
10/07/21;14.4697
11/07/21;14.8996
12/07/21;16.0553
13/07/21;16.7958
14/07/21;15.2252
15/07/21;14.4495
16/07/21;15.622
17/07/21;14.1923
18/07/21;13.6043
19/07/21;13.9734
20/07/21;15.3023
21/07/21;15.4078
22/07/21;14.5922
23/07/21;12.6036
24/07/21;12.8821
25/07/21;12.8249
26/07/21;12.2599
27/07/21;13.1226
28/07/21;13.8307
29/07/21;15.3681
30/07/21;15.7144
31/07/21;15.6865
01/08/21;15.3654
02/08/21;18.3787
03/08/21;17.1574
04/08/21;16.2418
05/08/21;16.775
06/08/21;18.3354
07/08/21;19.9553
08/08/21;19.2158
09/08/21;20.2766
10/08/21;17.6495
11/08/21;17.1275
12/08/21;19.6106
13/08/21;17.332
14/08/21;13.9417
15/08/21;15.627
16/08/21;17.1614
17/08/21;17.6372
18/08/21;19.0994
19/08/21;21.7798
20/08/21;20.6692
21/08/21;20.3597
22/08/21;22.1233
23/08/21;17.9228
24/08/21;21.1245
25/08/21;22.7768
26/08/21;22.5285
27/08/21;24.2036
28/08/21;21.1717
29/08/21;15.2962
30/08/21;16.6625
31/08/21;19.707
01/09/21;22.1591
02/09/21;21.3875
03/09/21;22.5306
04/09/21;25.1056
05/09/21;24.4885
06/09/21;24.4362
07/09/21;23.4009
08/09/21;18.0612
09/09/21;19.075
10/09/21;20.1004
11/09/21;18.8147
12/09/21;19.3402
13/09/21;21.74
14/09/21;24.1598
15/09/21;26.6472
16/09/21;24.9455
17/09/21;20.844
18/09/21;17.423
19/09/21;19.1648
20/09/21;24.2699
21/09/21;23.7947
22/09/21;18.2868
23/09/21;19.6627
24/09/21;21.9748
25/09/21;24.1515
26/09/21;24.9181
27/09/21;24.9119
28/09/21;26.71
29/09/21;26.6352
30/09/21;21.9577
01/10/21;22.7982
02/10/21;26.0096
03/10/21;24.9335
04/10/21;18.4434
05/10/21;20.6472
06/10/21;23.7227
07/10/21;23.0002
08/10/21;23.87
09/10/21;27.6839
10/10/21;21.6509
11/10/21;18.4271
12/10/21;21.0105
13/10/21;24.6982
14/10/21;25.8265
15/10/21;27.9834
16/10/21;29.7754
17/10/21;26.2202
18/10/21;18.3828
19/10/21;15.3927
20/10/21;18.5716
21/10/21;22.9058
22/10/21;27.5792
23/10/21;30.6556
24/10/21;26.7076
25/10/21;19.4779
26/10/21;19.6959
27/10/21;22.1958
28/10/21;21.1559
29/10/21;23.8958
30/10/21;26.4886
31/10/21;24.8357
01/11/21;26.8985
02/11/21;31.1659
03/11/21;27.0801
04/11/21;26.8036
05/11/21;29.2388
06/11/21;30.2097
07/11/21;30.2199
08/11/21;29.7453
09/11/21;29.0143
10/11/21;22.9541
11/11/21;26.8159
12/11/21;29.1637
13/11/21;29.2752
14/11/21;30.4849
15/11/21;28.2864
16/11/21;31.2702
17/11/21;29.8738
18/11/21;29.5192
19/11/21;23.8509
20/11/21;21.3988
21/11/21;20.5528
22/11/21;22.9757
23/11/21;24.8613
24/11/21;23.0559
25/11/21;20.9992
26/11/21;20.7852
27/11/21;20.4401
28/11/21;23.7688
29/11/21;27.6943
30/11/21;27.9727
01/12/21;29.3087
02/12/21;29.7769
03/12/21;31.3422
04/12/21;30.4704
05/12/21;25.8997
06/12/21;25.7604
07/12/21;25.8886
08/12/21;22.8924
09/12/21;23.6201
10/12/21;26.4129
11/12/21;28.4152
12/12/21;28.4918
13/12/21;26.8139
14/12/21;25.6597
15/12/21;27.5986
16/12/21;23.8177
17/12/21;20.6014
18/12/21;18.024
19/12/21;18.3621
20/12/21;21.2184
21/12/21;22.3352
22/12/21;23.6714
23/12/21;25.4795
24/12/21;27.677
25/12/21;25.8257
26/12/21;21.8018
27/12/21;24.6393
28/12/21;26.1535
29/12/21;25.9189
30/12/21;27.2275
31/12/21;27.1745
01/01/22;26.295
02/01/22;28.4048
03/01/22;25.9318
04/01/22;27.7632
05/01/22;28.6703
06/01/22;27.862
07/01/22;26.6374
08/01/22;26.1034
09/01/22;25.6298
10/01/22;26.7664
11/01/22;27.9435
12/01/22;27.3346
13/01/22;24.9159
14/01/22;25.2514
15/01/22;25.3203
16/01/22;25.7041
17/01/22;26.1461
18/01/22;25.1227
19/01/22;27.6768
20/01/22;26.5066
21/01/22;26.1008
22/01/22;23.4285
23/01/22;23.7559
24/01/22;25.8657
25/01/22;26.4882
26/01/22;23.8286
27/01/22;24.2716
28/01/22;25.2371
29/01/22;23.37
30/01/22;24.0575
31/01/22;24.4025
01/02/22;25.2836
02/02/22;27.2057
03/02/22;28.4422
04/02/22;28.1435
05/02/22;25.5238
06/02/22;24.7031
07/02/22;24.5245
08/02/22;26.7177
09/02/22;27.5749
10/02/22;26.2107
11/02/22;26.9936
12/02/22;26.2709
13/02/22;26.4918
14/02/22;27.0048
15/02/22;25.8784
16/02/22;26.0753
17/02/22;27.0744
18/02/22;26.1616
19/02/22;25.5117
20/02/22;27.7934
21/02/22;29.4058
22/02/22;28.6807
23/02/22;27.6962
24/02/22;28.3687
25/02/22;28.3801
26/02/22;27.6478
27/02/22;27.0825
28/02/22;27.6642
01/03/22;27.6953
02/03/22;27.1728
03/03/22;27.9182
04/03/22;28.3988
05/03/22;27.3101
06/03/22;26.3932
07/03/22;26.269
08/03/22;27.4004
09/03/22;26.1457
10/03/22;26.2028
11/03/22;26.5197
12/03/22;26.4601
13/03/22;27.2412
14/03/22;27.8291
15/03/22;25.2811
16/03/22;21.2421
17/03/22;20.3626
18/03/22;21.6945
19/03/22;21.904
20/03/22;22.3253
21/03/22;22.5077
22/03/22;22.3533
23/03/22;22.8986
24/03/22;25.2336
25/03/22;26.1249
26/03/22;20.4276
27/03/22;22.4475
28/03/22;23.0961
29/03/22;22.7132
30/03/22;21.764
31/03/22;22.8884
01/04/22;23.8602
02/04/22;25.5715
03/04/22;25.9896
04/04/22;24.8393
05/04/22;25.3449
06/04/22;27.1711
07/04/22;27.3068
08/04/22;22.6094
09/04/22;20.6768
10/04/22;20.2386
11/04/22;21.3794
12/04/22;23.2568
13/04/22;25.1318
14/04/22;23.9395
15/04/22;26.4448
16/04/22;21.8602
17/04/22;18.4873
18/04/22;19.9736
19/04/22;19.3541
20/04/22;18.5945
21/04/22;18.9565
22/04/22;20.5853
23/04/22;21.911
24/04/22;23.9217
25/04/22;24.5714
26/04/22;21.2602
27/04/22;19.5715
28/04/22;18.2181
29/04/22;19.0272
30/04/22;21.8565
01/05/22;20.2629
02/05/22;19.0866
03/05/22;19.2878
04/05/22;19.7206
05/05/22;20.2732
06/05/22;20.6437
07/05/22;21.7806
08/05/22;22.836
09/05/22;20.2511
10/05/22;19.147
11/05/22;19.6133
12/05/22;20.2912
13/05/22;19.8824
14/05/22;20.3559
15/05/22;19.7155
16/05/22;18.9698
17/05/22;17.3709
18/05/22;17.7393
19/05/22;17.9405
20/05/22;19.8834
21/05/22;14.7334
22/05/22;13.4749
23/05/22;16.5878
24/05/22;18.7647
25/05/22;19.5364
26/05/22;20.2957
27/05/22;18.53
28/05/22;17.0501
29/05/22;18.621
30/05/22;19.5127
31/05/22;17.5429
01/06/22;14.7143
02/06/22;13.7287
03/06/22;14.6695
04/06/22;15.0878
05/06/22;16.0245
06/06/22;15.0661
07/06/22;13.5039
08/06/22;13.84
09/06/22;13.9379
10/06/22;14.2447
11/06/22;14.4397
12/06/22;14.8994
13/06/22;14.2897
14/06/22;15.8227
15/06/22;16.3777
16/06/22;12.809
17/06/22;13.2972
18/06/22;15.4017
19/06/22;17.635
20/06/22;17.7696
21/06/22;17.0917
22/06/22;16.5828
23/06/22;16.5047
24/06/22;17.9055
25/06/22;16.9315
26/06/22;15.6958
27/06/22;14.4516
28/06/22;14.4195
29/06/22;13.3451
30/06/22;14.0731
01/07/22;14.2068
02/07/22;14.6765
03/07/22;15.294
04/07/22;16.9451
05/07/22;16.0878
06/07/22;16.7564
07/07/22;16.8756
08/07/22;16.1695
09/07/22;15.5241
10/07/22;15.8245
11/07/22;16.6182
12/07/22;17.3934
13/07/22;17.2735
14/07/22;17.042
15/07/22;16.6959
16/07/22;15.5
17/07/22;14.5126
18/07/22;15.8662
19/07/22;16.4432
20/07/22;16.924
21/07/22;17.5062
22/07/22;18.1717
23/07/22;17.7339
24/07/22;19.4867
25/07/22;15.4709
26/07/22;15.3741
27/07/22;16.4317
28/07/22;16.6059
29/07/22;15.6914
30/07/22;16.4196
31/07/22;19.2139
01/08/22;17.4566
02/08/22;16.6119
03/08/22;17.24
04/08/22;19.2236
05/08/22;20.6463
06/08/22;21.0509
07/08/22;21.1724
08/08/22;22.2579
09/08/22;19.7999
10/08/22;18.2555
11/08/22;19.1932
12/08/22;19.6001
13/08/22;21.4234
14/08/22;22.3474
15/08/22;18.6721
16/08/22;17.2823
17/08/22;19.4226
18/08/22;23.0218
19/08/22;18.875
20/08/22;17.9544
21/08/22;15.9262
22/08/22;16.5248
23/08/22;17.2479
24/08/22;17.249
25/08/22;17.7402
26/08/22;19.8636
27/08/22;21.3793
28/08/22;22.2211
29/08/22;22.4903
30/08/22;19.0448
31/08/22;16.8805
01/09/22;16.958
02/09/22;17.1365
03/09/22;19.5375
04/09/22;20.9235
05/09/22;22.8971
06/09/22;21.2315
07/09/22;18.3948
08/09/22;20.074
09/09/22;22.9588
10/09/22;23.9882
11/09/22;23.8737
12/09/22;23.9823
13/09/22;20.3978
14/09/22;18.4978
15/09/22;20.4648
16/09/22;22.8354
17/09/22;23.9474
18/09/22;25.5161
19/09/22;28.1056
20/09/22;23.5847
21/09/22;18.8782
22/09/22;19.8554
23/09/22;24.998
24/09/22;26.0745
25/09/22;26.1696
26/09/22;26.9558
27/09/22;28.0771
28/09/22;25.9268
29/09/22;23.5773
30/09/22;24.8047
01/10/22;26.3077
02/10/22;26.5185
03/10/22;27.7877
04/10/22;30.5537
05/10/22;26.0348
06/10/22;28.2927
07/10/22;29.5767
08/10/22;24.6918
09/10/22;27.5993
10/10/22;26.4596
11/10/22;25.5899
12/10/22;27.3888
13/10/22;27.562
14/10/22;28.318
15/10/22;27.534
16/10/22;23.932
17/10/22;23.7848
18/10/22;25.9145
19/10/22;25.2899
20/10/22;25.7113
21/10/22;27.0722
22/10/22;27.2767
23/10/22;24.8802
24/10/22;24.2317
25/10/22;28.1226
26/10/22;27.9088
27/10/22;23.3399
28/10/22;25.5978
29/10/22;21.8308
30/10/22;24.8825
31/10/22;24.7999
01/11/22;19.7837
02/11/22;18.8783
03/11/22;21.594
04/11/22;24.6851
05/11/22;26.9463
06/11/22;27.8651
07/11/22;25.5998
08/11/22;23.1292
09/11/22;26.1817
10/11/22;25.0657
11/11/22;23.6099
12/11/22;24.2866
13/11/22;24.3809
14/11/22;22.7172
15/11/22;22.3782
16/11/22;25.0771
17/11/22;27.7627
18/11/22;29.083
19/11/22;29.1953
20/11/22;25.947
21/11/22;23.9329
22/11/22;24.2861
23/11/22;27.2638
24/11/22;28.5728
25/11/22;28.0481
26/11/22;24.8629
27/11/22;20.487
28/11/22;22.5131
29/11/22;21.9687
30/11/22;22.2523
01/12/22;23.8018
02/12/22;25.0179
03/12/22;27.7118
04/12/22;28.1497
05/12/22;27.2159
06/12/22;25.5735
07/12/22;25.1167
08/12/22;25.7738
09/12/22;25.8706
10/12/22;24.9872
11/12/22;26.5974
12/12/22;26.2958
13/12/22;26.5773
14/12/22;26.6033
15/12/22;27.5087
16/12/22;25.7521
17/12/22;24.6735
18/12/22;25.478
19/12/22;25.5017
20/12/22;26.4974
21/12/22;23.9215
22/12/22;22.3204
23/12/22;23.606
24/12/22;25.6538
25/12/22;28.2276
26/12/22;30.2702
27/12/22;28.0507
01/01/23;23.039
02/01/23;25.2967
03/01/23;27.8462
04/01/23;27.9132
05/01/23;24.8354
06/01/23;24.1012
07/01/23;21.1756
08/01/23;21.3642
09/01/23;23.4927
10/01/23;26.4717
11/01/23;27.3259
12/01/23;26.0023
13/01/23;25.4162
14/01/23;26.6675
15/01/23;27.4351
16/01/23;27.3223
17/01/23;26.6067
18/01/23;27.6068
19/01/23;28.2678
20/01/23;28.736
21/01/23;28.3731
22/01/23;28.081
23/01/23;27.043
24/01/23;26.7716
25/01/23;27.8009
26/01/23;26.8946
27/01/23;26.958
28/01/23;29.0489
29/01/23;29.657
30/01/23;24.1906
31/01/23;26.5276
01/02/23;26.3377
02/02/23;26.0883
03/02/23;26.2218
04/02/23;23.7874
05/02/23;25.0804
06/02/23;26.5123
07/02/23;27.2671
08/02/23;26.4526
09/02/23;24.0172
10/02/23;24.0944
11/02/23;24.4115
12/02/23;25.4785
13/02/23;24.4872
14/02/23;23.8988
15/02/23;24.7768
16/02/23;25.1063
17/02/23;24.7026
18/02/23;24.2163
19/02/23;23.2693
20/02/23;24.7918
21/02/23;26.7159
22/02/23;23.4347
23/02/23;22.1403
24/02/23;23.6451
25/02/23;26.0459
26/02/23;25.1822
27/02/23;24.2593
28/02/23;23.8136
01/03/23;25.8222
02/03/23;24.6208
03/03/23;24.0646
04/03/23;25.413
05/03/23;25.7728
06/03/23;26.2565
07/03/23;24.0748
08/03/23;23.9182
09/03/23;26.8091
10/03/23;25.8129
11/03/23;26.0579
12/03/23;26.1578
13/03/23;24.5036
14/03/23;24.0926
15/03/23;24.6389
16/03/23;25.0381
17/03/23;24.2956
18/03/23;25.667
19/03/23;28.3668
20/03/23;27.5179
21/03/23;25.9899
22/03/23;25.2108
23/03/23;25.079
24/03/23;24.8102
25/03/23;24.9528
26/03/23;25.8298
27/03/23;22.3371
28/03/23;19.1436
29/03/23;22.9794
30/03/23;25.5023
31/03/23;23.4632
01/04/23;23.8969
02/04/23;24.5225
03/04/23;24.9689
04/04/23;24.9898
05/04/23;21.9013
06/04/23;21.9181
07/04/23;23.1226
08/04/23;24.954
09/04/23;25.7443
10/04/23;23.3005
11/04/23;23.3277
12/04/23;22.0326
13/04/23;23.2392
14/04/23;25.3823
15/04/23;21.0052
16/04/23;19.5031
17/04/23;19.6137
18/04/23;20.6033
19/04/23;21.0363
20/04/23;21.0685
21/04/23;21.9831
22/04/23;23.0729
23/04/23;24.2325
24/04/23;24.0093
25/04/23;24.3348
26/04/23;24.1835
27/04/23;23.7861
28/04/23;25.1534
29/04/23;24.1961
30/04/23;23.6776
01/05/23;22.0839
02/05/23;22.6471
03/05/23;23.6786
04/05/23;22.2144
05/05/23;22.7086
06/05/23;23.1185
07/05/23;23.5805
08/05/23;21.8535
09/05/23;19.9887
10/05/23;19.5851
11/05/23;20.1442
12/05/23;20.7471
13/05/23;22.1027
14/05/23;21.8859
15/05/23;20.3173
16/05/23;17.6799
17/05/23;19.4954
18/05/23;20.137
19/05/23;20.8578
20/05/23;18.0919
21/05/23;19.5321
22/05/23;19.8014
23/05/23;17.4507
24/05/23;18.5425
25/05/23;20.5074
26/05/23;20.983
27/05/23;19.0015
28/05/23;17.9493
29/05/23;18.4521
30/05/23;20.1999
31/05/23;19.5015
01/06/23;18.7253
02/06/23;18.6939
03/06/23;20.1024
04/06/23;21.8431
05/06/23;21.4965
06/06/23;18.9812
07/06/23;18.3723
08/06/23;20.0798
09/06/23;21.74
10/06/23;19.553
11/06/23;16.9617
12/06/23;19.5021
13/06/23;16.9979
14/06/23;16.3787
15/06/23;16.9117
16/06/23;18.3509
17/06/23;16.3527
18/06/23;17.9477
19/06/23;18.213
20/06/23;17.3732
21/06/23;15.8286
22/06/23;17.382
23/06/23;16.2575
24/06/23;14.9217
25/06/23;16.5445
26/06/23;16.0597
27/06/23;16.8972
28/06/23;17.8184
29/06/23;17.7892
30/06/23;16.6168
01/07/23;16.5471
02/07/23;16.2575
03/07/23;16.9772
04/07/23;16.3464
05/07/23;17.1087
06/07/23;15.9763
07/07/23;15.1481
08/07/23;16.742
09/07/23;18.1692
10/07/23;12.6475
11/07/23;12.8274
12/07/23;13.6045
13/07/23;13.5369
14/07/23;14.4569
15/07/23;15.1399
16/07/23;15.8389
17/07/23;16.2082
18/07/23;15.0746
19/07/23;16.0992
20/07/23;16.2409
21/07/23;13.4733
22/07/23;13.8394
23/07/23;16.0604
24/07/23;19.0272
25/07/23;16.9351
26/07/23;15.8872
27/07/23;16.8293
28/07/23;19.2562
29/07/23;20.5622
30/07/23;16.2941
31/07/23;14.5823
01/08/23;16.4097
02/08/23;15.7162
03/08/23;14.6619
04/08/23;14.5824
05/08/23;15.4024
06/08/23;15.466
07/08/23;16.6845
08/08/23;17.2989
09/08/23;16.5973
10/08/23;17.5107
11/08/23;16.4818
12/08/23;16.8772
13/08/23;18.2538
14/08/23;20.4675
15/08/23;22.5553
16/08/23;18.4651
17/08/23;19.1389
18/08/23;21.3176
19/08/23;21.4224
20/08/23;22.2898
21/08/23;23.9388
22/08/23;25.0194
23/08/23;25.6736
24/08/23;21.4415
25/08/23;22.4836
26/08/23;22.9893
27/08/23;18.2381
28/08/23;16.2036
29/08/23;16.8148
30/08/23;17.5761
31/08/23;18.2552
01/09/23;21.3924
02/09/23;23.2792
03/09/23;23.7079
04/09/23;23.4234
05/09/23;22.6717
06/09/23;23.2736
07/09/23;21.3913
08/09/23;23.3698
09/09/23;24.1176
10/09/23;24.904
11/09/23;27.3018
12/09/23;18.3026
13/09/23;15.761
14/09/23;19.7714
15/09/23;23.8816
16/09/23;26.396
17/09/23;24.0843
18/09/23;20.5101
19/09/23;23.8693
20/09/23;27.7107
21/09/23;26.477
22/09/23;28.0247
23/09/23;27.4376
24/09/23;28.0405
25/09/23;27.6839
26/09/23;25.1096
27/09/23;20.0886
28/09/23;20.2921
29/09/23;22.524
30/09/23;27.1326
01/10/23;26.2715
02/10/23;19.6572
03/10/23;22.6754
04/10/23;25.1837
05/10/23;26.2799
06/10/23;27.1194
07/10/23;28.7276
08/10/23;28.1961
09/10/23;21.5443
10/10/23;23.6103
11/10/23;26.8464
12/10/23;30.0316
13/10/23;30.1224
14/10/23;27.3557
15/10/23;20.4266
16/10/23;18.9908
17/10/23;21.7064
18/10/23;22.5305
19/10/23;23.8935
20/10/23;24.1951
21/10/23;27.5386
22/10/23;30.3743
23/10/23;23.1199
24/10/23;27.3073
25/10/23;26.7713
26/10/23;25.8304
27/10/23;28.4033
28/10/23;29.735
29/10/23;22.7165
30/10/23;14.7819
31/10/23;13.8128
01/11/23;15.4647
02/11/23;19.6645
03/11/23;21.5701
04/11/23;22.4638
05/11/23;26.2112
06/11/23;28.347
07/11/23;24.3773
08/11/23;23.145
09/11/23;26.1819
10/11/23;25.721
11/11/23;27.8932
12/11/23;30.0949
13/11/23;25.3144
14/11/23;21.5492
15/11/23;20.7326
16/11/23;24.9387
17/11/23;28.448
18/11/23;28.7754
19/11/23;29.8869
20/11/23;31.3344
21/11/23;31.0789
22/11/23;31.6588
23/11/23;32.3711
24/11/23;31.6641
25/11/23;32.3012
26/11/23;31.5951
27/11/23;31.9466
28/11/23;31.38
29/11/23;29.8272
30/11/23;21.3536
01/12/23;24.7678
02/12/23;26.9476
03/12/23;27.1499
04/12/23;28.4254
05/12/23;29.8299
06/12/23;27.1498
07/12/23;25.7989
08/12/23;29.493
09/12/23;30.5075
10/12/23;24.3084
11/12/23;22.4364
12/12/23;28.0951
13/12/23;25.4387
14/12/23;25.0578
15/12/23;26.1071
16/12/23;24.4372
17/12/23;24.2681
18/12/23;26.8451
19/12/23;27.6836
20/12/23;26.9461
21/12/23;28.501
22/12/23;27.5028
23/12/23;29.5061
24/12/23;30.3456
25/12/23;27.1049
26/12/23;22.0367
27/12/23;19.6074
28/12/23;21.3073
29/12/23;20.941
30/12/23;23.2104
31/12/23;24.9029
01/01/24;26.731
02/01/24;24.8683
03/01/24;23.8251
04/01/24;25.5856
05/01/24;24.6468
06/01/24;26.2266
07/01/24;27.866
08/01/24;27.2922
09/01/24;27.0723
10/01/24;28.1514
11/01/24;29.1731
12/01/24;26.6137
13/01/24;26.9723
14/01/24;26.1576
15/01/24;28.259
16/01/24;28.7072
17/01/24;24.7713
18/01/24;19.9989
19/01/24;20.8968
20/01/24;22.1221
21/01/24;23.0043
22/01/24;25.9409
23/01/24;25.3203
24/01/24;24.2062
25/01/24;23.5617
26/01/24;25.5954
27/01/24;26.1344
28/01/24;26.4199
29/01/24;27.3166
30/01/24;27.3115
31/01/24;25.727
01/02/24;25.4911
02/02/24;24.8747
03/02/24;25.7275
04/02/24;27.1843
05/02/24;29.0051
06/02/24;29.6998
07/02/24;30.5788
08/02/24;30.4754
09/02/24;27.8366
10/02/24;28.4687
11/02/24;24.8526
12/02/24;25.5815
13/02/24;26.3676
14/02/24;27.5908
15/02/24;27.7149
16/02/24;30.8246
17/02/24;32.1063
18/02/24;29.8357
19/02/24;28.1408
20/02/24;27.9571
21/02/24;29.559
22/02/24;29.7642
23/02/24;29.7882
24/02/24;30.4284
25/02/24;31.4681
26/02/24;28.1412
27/02/24;23.5207
28/02/24;22.6811
29/02/24;22.9719
01/03/24;23.6559
02/03/24;25.5487
03/03/24;27.3673
04/03/24;28.6522
05/03/24;31.4666
06/03/24;33.1637
07/03/24;30.3653
08/03/24;30.044
09/03/24;28.6486
10/03/24;28.1123
11/03/24;28.4459
12/03/24;27.3549
13/03/24;30.5931
14/03/24;-255.254
15/03/24;-255.2574
16/03/24;27.9594
17/03/24;28.071
18/03/24;25.2591
19/03/24;26.7431
20/03/24;27.8412
21/03/24;26.5354
22/03/24;25.4776
23/03/24;24.0353
24/03/24;23.9985
25/03/24;24.4846
26/03/24;23.6948
27/03/24;23.5613
28/03/24;24.1389
29/03/24;24.9462
30/03/24;23.4506
31/03/24;22.6223
01/04/24;22.5659
02/04/24;23.248
03/04/24;24.1564
04/04/24;24.8101
05/04/24;23.7252
06/04/24;23.9883
07/04/24;22.9399
08/04/24;20.4984
09/04/24;22.771
10/04/24;21.6933
11/04/24;20.6476
12/04/24;19.012
13/04/24;18.8399
14/04/24;20.3021
15/04/24;20.9975
16/04/24;20.7765
17/04/24;20.8485
18/04/24;21.9757
19/04/24;22.6877
20/04/24;23.295
21/04/24;23.7665
22/04/24;24.0947
23/04/24;24.0604
24/04/24;23.6859
25/04/24;24.807
26/04/24;24.3002
27/04/24;21.4301
28/04/24;18.7905
29/04/24;17.6369
30/04/24;20.0179
01/05/24;21.5343
02/05/24;22.546
03/05/24;22.4302
04/05/24;20.3422
05/05/24;19.5851
06/05/24;20.2055
07/05/24;20.5862
08/05/24;20.8792
09/05/24;19.1646
10/05/24;19.656
11/05/24;20.318
12/05/24;20.7187
13/05/24;21.0326
14/05/24;19.0824
15/05/24;18.5381
16/05/24;18.2691
17/05/24;18.2576
18/05/24;18.5924
19/05/24;18.5548
20/05/24;18.8185
21/05/24;19.264
22/05/24;17.6881
23/05/24;17.9334
24/05/24;18.552
25/05/24;18.0556
26/05/24;17.9931
27/05/24;18.6251
28/05/24;17.6511
29/05/24;16.9419
30/05/24;17.1372
31/05/24;17.8535
01/06/24;19.2886
02/06/24;21.4766
03/06/24;19.0256
04/06/24;13.4921
05/06/24;14.5404
06/06/24;19.6577
07/06/24;17.4565
08/06/24;15.6546
09/06/24;14.1967
10/06/24;13.3749
11/06/24;13.5907
12/06/24;14.1748
13/06/24;15.6289
14/06/24;14.6517
15/06/24;15.0763
16/06/24;15.8845
17/06/24;15.5906
18/06/24;17.5296
19/06/24;17.6642
20/06/24;17.7165
21/06/24;17.1565
22/06/24;15.9111
23/06/24;16.489
24/06/24;18.1976
25/06/24;17.2424
26/06/24;16.7106
27/06/24;16.1486
28/06/24;16.4511
29/06/24;15.4365
30/06/24;17.1659
01/07/24;16.9534
02/07/24;16.73
03/07/24;17.092
04/07/24;18.1423
05/07/24;16.4498
06/07/24;14.6684
07/07/24;13.9704
08/07/24;15.9634
09/07/24;11.9322
10/07/24;13.8758
11/07/24;16.2851
12/07/24;16.8175
13/07/24;17.551
14/07/24;17.3976
15/07/24;17.5605
16/07/24;15.9476
17/07/24;17.5315
18/07/24;17.7147
19/07/24;18.6843
20/07/24;18.7702
21/07/24;18.2967
22/07/24;18.6684
23/07/24;19.3567
24/07/24;19.6768
25/07/24;16.9625
26/07/24;17.4455
27/07/24;18.7114
28/07/24;18.4102
29/07/24;17.6167
30/07/24;17.6819
31/07/24;18.4787
01/08/24;17.9051