;(mm) Precipitation (ERA5_AG) at CE_ID_0. 2019-08-01 to 2024-08-01
1-8-2019;0
2-8-2019;0.02
3-8-2019;0
4-8-2019;0
5-8-2019;0
6-8-2019;0
7-8-2019;0
8-8-2019;0
9-8-2019;0.01
10-8-2019;0.1734
11-8-2019;0
12-8-2019;0
13-8-2019;0
14-8-2019;0
15-8-2019;0.0122
16-8-2019;0
17-8-2019;0
18-8-2019;0.01
19-8-2019;0
20-8-2019;0
21-8-2019;0
22-8-2019;0
23-8-2019;0
24-8-2019;0
25-8-2019;0
26-8-2019;0
27-8-2019;0
28-8-2019;0
29-8-2019;0
30-8-2019;0
31-8-2019;0
1-9-2019;0
2-9-2019;0
3-9-2019;0
4-9-2019;0
5-9-2019;0
6-9-2019;1.0015
7-9-2019;0.1591
8-9-2019;0
9-9-2019;0
10-9-2019;0
11-9-2019;0
12-9-2019;0
13-9-2019;0
14-9-2019;0
15-9-2019;0.0122
16-9-2019;0
17-9-2019;0
18-9-2019;0
19-9-2019;0
20-9-2019;0
21-9-2019;0
22-9-2019;0
23-9-2019;0
24-9-2019;0.4422
25-9-2019;0.0666
26-9-2019;0
27-9-2019;0
28-9-2019;0
29-9-2019;0
30-9-2019;0
1-10-2019;0.05
2-10-2019;0.08
3-10-2019;0
4-10-2019;0
5-10-2019;0
6-10-2019;0
7-10-2019;0
8-10-2019;0
9-10-2019;0.0422
10-10-2019;1.1134
11-10-2019;0.1785
12-10-2019;0
13-10-2019;0
14-10-2019;0
15-10-2019;0
16-10-2019;0.0122
17-10-2019;0
18-10-2019;0
19-10-2019;0
20-10-2019;0
21-10-2019;0
22-10-2019;0
23-10-2019;1.0674
24-10-2019;1.3364
25-10-2019;0.6883
26-10-2019;0.2447
27-10-2019;0.0078
28-10-2019;0.5973
29-10-2019;0.8227
30-10-2019;0.0635
31-10-2019;0.5497
1-11-2019;0.4334
2-11-2019;0.6962
3-11-2019;0
4-11-2019;0.1015
5-11-2019;0.01
6-11-2019;0
7-11-2019;0
8-11-2019;2.182
9-11-2019;0.1009
10-11-2019;0.6512
11-11-2019;3.8535
12-11-2019;6.1233
13-11-2019;2.0994
14-11-2019;0.2013
15-11-2019;0.1234
16-11-2019;0
17-11-2019;0
18-11-2019;2.0014
19-11-2019;0.8216
20-11-2019;6.0563
21-11-2019;1.9183
22-11-2019;2.6739
23-11-2019;9.4833
24-11-2019;7.1494
25-11-2019;0.5838
26-11-2019;0.0222
27-11-2019;0.0178
28-11-2019;0
29-11-2019;0
30-11-2019;0
1-12-2019;0
2-12-2019;0
3-12-2019;0
4-12-2019;0.0678
5-12-2019;0.0288
6-12-2019;0.0088
7-12-2019;5.9408
8-12-2019;26.8174
9-12-2019;17.599
10-12-2019;33.0598
11-12-2019;1.2947
12-12-2019;0.74
13-12-2019;0.21
14-12-2019;0.01
15-12-2019;0
16-12-2019;0.0244
17-12-2019;0.07
18-12-2019;0
19-12-2019;0.0156
20-12-2019;0.0431
21-12-2019;0
22-12-2019;0
23-12-2019;0.1078
24-12-2019;0
25-12-2019;0
26-12-2019;0
27-12-2019;0
28-12-2019;0.0178
29-12-2019;0.0078
30-12-2019;0
31-12-2019;0
1-1-2020;0.0712
2-1-2020;0.0078
3-1-2020;0.0444
4-1-2020;0
5-1-2020;0.0644
6-1-2020;0.2466
7-1-2020;0
8-1-2020;0.4912
9-1-2020;5.2025
10-1-2020;8.8674
11-1-2020;0.4993
12-1-2020;3.8851
13-1-2020;4.0558
14-1-2020;10.9472
15-1-2020;0
16-1-2020;0
17-1-2020;1.2186
18-1-2020;24.2183
19-1-2020;9.3884
20-1-2020;0.8815
21-1-2020;0.08
22-1-2020;0.01
23-1-2020;0
24-1-2020;0.6115
25-1-2020;0.01
26-1-2020;0
27-1-2020;0.33
28-1-2020;0.1818
29-1-2020;0
30-1-2020;0
31-1-2020;0
1-2-2020;0
2-2-2020;0
3-2-2020;0.0131
4-2-2020;0.2037
5-2-2020;0.02
6-2-2020;3.6464
7-2-2020;6.5737
8-2-2020;34.7074
9-2-2020;41.457
10-2-2020;19.3902
11-2-2020;12.3128
12-2-2020;1.1216
13-2-2020;0.4412
14-2-2020;0.0322
15-2-2020;0.0622
16-2-2020;1.6907
17-2-2020;0.9953
18-2-2020;0.2812
19-2-2020;0.1347
20-2-2020;0.1431
21-2-2020;0.2147
22-2-2020;0.7997
23-2-2020;19.8112
24-2-2020;1.2568
25-2-2020;0.0378
26-2-2020;0
27-2-2020;0
28-2-2020;0.0022
29-2-2020;0.0288
1-3-2020;0.0219
2-3-2020;3.6769
3-3-2020;0.35
4-3-2020;0.1478
5-3-2020;0.0666
6-3-2020;0
7-3-2020;0
8-3-2020;0.0991
9-3-2020;0
10-3-2020;0
11-3-2020;0
12-3-2020;0
13-3-2020;0.0444
14-3-2020;0
15-3-2020;0
16-3-2020;0.4803
17-3-2020;0.1169
18-3-2020;0
19-3-2020;0.0622
20-3-2020;0.0478
21-3-2020;0.0188
22-3-2020;0.0156
23-3-2020;0
24-3-2020;0
25-3-2020;0
26-3-2020;0
27-3-2020;0.07
28-3-2020;0.1078
29-3-2020;0
30-3-2020;0
31-3-2020;0
1-4-2020;0
2-4-2020;0
3-4-2020;0.2844
4-4-2020;2.0929
5-4-2020;0.1444
6-4-2020;0
7-4-2020;0
8-4-2020;0.2631
9-4-2020;1.1744
10-4-2020;0.5947
11-4-2020;0
12-4-2020;0
13-4-2020;0
14-4-2020;0
15-4-2020;0.0412
16-4-2020;0.0144
17-4-2020;0.1578
18-4-2020;0.4744
19-4-2020;0.1847
20-4-2020;0.0356
21-4-2020;0
22-4-2020;0
23-4-2020;0.0478
24-4-2020;0
25-4-2020;0
26-4-2020;0.0131
27-4-2020;0.7347
28-4-2020;2.1656
29-4-2020;0.2769
30-4-2020;0
1-5-2020;0
2-5-2020;0
3-5-2020;0
4-5-2020;0
5-5-2020;0.02
6-5-2020;0
7-5-2020;0.0834
8-5-2020;0
9-5-2020;0
10-5-2020;0.01
11-5-2020;0
12-5-2020;0
13-5-2020;0
14-5-2020;0
15-5-2020;0.0022
16-5-2020;0
17-5-2020;0.2766
18-5-2020;0
19-5-2020;0
20-5-2020;0
21-5-2020;0.47
22-5-2020;0
23-5-2020;0
24-5-2020;0
25-5-2020;0
26-5-2020;0
27-5-2020;0
28-5-2020;0
29-5-2020;0
30-5-2020;0
31-5-2020;0
1-6-2020;0
2-6-2020;0
3-6-2020;0
4-6-2020;0
5-6-2020;0
6-6-2020;0.0222
7-6-2020;0.0612
8-6-2020;0
9-6-2020;0
10-6-2020;0
11-6-2020;0
12-6-2020;0
13-6-2020;0
14-6-2020;0
15-6-2020;0
16-6-2020;0
17-6-2020;1.0462
18-6-2020;0.02
19-6-2020;0.1
20-6-2020;0
21-6-2020;0
22-6-2020;0
23-6-2020;0
24-6-2020;0
25-6-2020;0.04
26-6-2020;0.0256
27-6-2020;0
28-6-2020;0
29-6-2020;0
30-6-2020;0
1-7-2020;0
2-7-2020;0
3-7-2020;0
4-7-2020;0
5-7-2020;0
6-7-2020;0
7-7-2020;0
8-7-2020;0.24
9-7-2020;0.2922
10-7-2020;0
11-7-2020;0
12-7-2020;0
13-7-2020;0
14-7-2020;0
15-7-2020;0
16-7-2020;0
17-7-2020;0
18-7-2020;0
19-7-2020;0
20-7-2020;0
21-7-2020;0
22-7-2020;0
23-7-2020;0
24-7-2020;0
25-7-2020;0
26-7-2020;0
27-7-2020;0
28-7-2020;0.4691
29-7-2020;0
30-7-2020;0
31-7-2020;0
1-8-2020;0
2-8-2020;0
3-8-2020;0
4-8-2020;0
5-8-2020;0
6-8-2020;0
7-8-2020;0.01
8-8-2020;0
9-8-2020;0
10-8-2020;0
11-8-2020;0
12-8-2020;0
13-8-2020;0
14-8-2020;0.0022
15-8-2020;0
16-8-2020;0
17-8-2020;0.0609
18-8-2020;0
19-8-2020;0
20-8-2020;0.6716
21-8-2020;0.01
22-8-2020;0.0572
23-8-2020;0
24-8-2020;0
25-8-2020;0
26-8-2020;0
27-8-2020;0.0266
28-8-2020;0.0078
29-8-2020;0.0431
30-8-2020;0
31-8-2020;2.7817
1-9-2020;1.3313
2-9-2020;1.1088
3-9-2020;0
4-9-2020;0
5-9-2020;0
6-9-2020;0
7-9-2020;0
8-9-2020;0
9-9-2020;0
10-9-2020;0
11-9-2020;0
12-9-2020;0
13-9-2020;0
14-9-2020;0
15-9-2020;0
16-9-2020;0.0078
17-9-2020;0.8338
18-9-2020;0
19-9-2020;0
20-9-2020;0
21-9-2020;0
22-9-2020;0.1244
23-9-2020;0
24-9-2020;0
25-9-2020;0
26-9-2020;0
27-9-2020;0
28-9-2020;0
29-9-2020;0
30-9-2020;0.3103
1-10-2020;0.3175
2-10-2020;0.7471
3-10-2020;0.3747
4-10-2020;0
5-10-2020;0.6003
6-10-2020;12.4347
7-10-2020;5.23
8-10-2020;4.7399
9-10-2020;0.4878
10-10-2020;0
11-10-2020;0.9954
12-10-2020;0.9032
13-10-2020;0.23
14-10-2020;0
15-10-2020;0.03
16-10-2020;0
17-10-2020;0
18-10-2020;0.0312
19-10-2020;0.0078
20-10-2020;0
21-10-2020;0.0122
22-10-2020;0
23-10-2020;0
24-10-2020;0
25-10-2020;0
26-10-2020;0
27-10-2020;0
28-10-2020;0
29-10-2020;0
30-10-2020;0
31-10-2020;0.01
1-11-2020;1.6566
2-11-2020;0.3931
3-11-2020;0.51
4-11-2020;7.7157
5-11-2020;5.8807
6-11-2020;0.06
7-11-2020;0
8-11-2020;0.1172
9-11-2020;0.0078
10-11-2020;0.1522
11-11-2020;1.6651
12-11-2020;0.5178
13-11-2020;0
14-11-2020;0
15-11-2020;0
16-11-2020;0
17-11-2020;0
18-11-2020;0.2972
19-11-2020;0
20-11-2020;0.0188
21-11-2020;0.2172
22-11-2020;2.0392
23-11-2020;4.6463
24-11-2020;1.1059
25-11-2020;15.5482
26-11-2020;3.7838
27-11-2020;0
28-11-2020;0.5394
29-11-2020;3.288
30-11-2020;2.5507
1-12-2020;0.0478
2-12-2020;2.5347
3-12-2020;0.2175
4-12-2020;0.4559
5-12-2020;10.8495
6-12-2020;2.333
7-12-2020;0.5409
8-12-2020;1.8356
9-12-2020;0.0591
10-12-2020;0
11-12-2020;0
12-12-2020;0.284
13-12-2020;2.4067
14-12-2020;6.8257
15-12-2020;9.563
16-12-2020;35.6848
17-12-2020;20.3978
18-12-2020;18.8126
19-12-2020;12.8159
20-12-2020;1.3153
21-12-2020;0.9147
22-12-2020;3.4319
23-12-2020;2.016
24-12-2020;16.0078
25-12-2020;0.3835
26-12-2020;0.3378
27-12-2020;1.2388
28-12-2020;0.2159
29-12-2020;1.074
30-12-2020;0.0234
31-12-2020;0.3959
1-1-2021;1.7193
2-1-2021;2.4187
3-1-2021;0.3188
4-1-2021;0.1522
5-1-2021;0.2544
6-1-2021;6.4183
7-1-2021;9.115
8-1-2021;0.2956
9-1-2021;0.4988
10-1-2021;0.3644
11-1-2021;0.9997
12-1-2021;0.1647
13-1-2021;0.05
14-1-2021;1.4073
15-1-2021;3.4315
16-1-2021;13.0213
17-1-2021;8.1849
18-1-2021;0.3347
19-1-2021;0.2812
20-1-2021;3.8171
21-1-2021;27.3024
22-1-2021;0.4144
23-1-2021;1.791
24-1-2021;36.0104
25-1-2021;13.4489
26-1-2021;7.029
27-1-2021;10.4341
28-1-2021;14.0558
29-1-2021;6.7446
30-1-2021;1.5435
31-1-2021;8.8653
1-2-2021;16.6733
2-2-2021;32.4349
3-2-2021;1.0222
4-2-2021;14.1038
5-2-2021;26.361
6-2-2021;6.826
7-2-2021;9.4296
8-2-2021;6.2574
9-2-2021;0.6644
10-2-2021;0.0334
11-2-2021;0.1009
12-2-2021;0.2558
13-2-2021;14.3799
14-2-2021;19.2647
15-2-2021;26.5842
16-2-2021;12.1961
17-2-2021;0.3028
18-2-2021;0.0022
19-2-2021;0.0066
20-2-2021;0.5469
21-2-2021;0.4891
22-2-2021;6.6698
23-2-2021;2.1937
24-2-2021;0.0156
25-2-2021;3.6886
26-2-2021;3.7515
27-2-2021;5.335
28-2-2021;1.6627
1-3-2021;0.0888
2-3-2021;0.6044
3-3-2021;0.3925
4-3-2021;0.06
5-3-2021;0.5818
6-3-2021;5.0033
7-3-2021;0.0931
8-3-2021;0.0512
9-3-2021;0.2428
10-3-2021;0.0044
11-3-2021;1.767
12-3-2021;6.2974
13-3-2021;0.4394
14-3-2021;0.7809
15-3-2021;0.545
16-3-2021;0
17-3-2021;0
18-3-2021;0.01
19-3-2021;0.0022
20-3-2021;0.1522
21-3-2021;0.0575
22-3-2021;5.0716
23-3-2021;0.355
24-3-2021;0.21
25-3-2021;0.1715
26-3-2021;0.23
27-3-2021;0
28-3-2021;0.0534
29-3-2021;0.01
30-3-2021;0
31-3-2021;0
1-4-2021;0
2-4-2021;0
3-4-2021;0.08
4-4-2021;0.4422
5-4-2021;0
6-4-2021;0.1169
7-4-2021;0.0122
8-4-2021;0
9-4-2021;0.0022
10-4-2021;0.0078
11-4-2021;0
12-4-2021;0
13-4-2021;0
14-4-2021;0
15-4-2021;0
16-4-2021;0.1934
17-4-2021;0.0078
18-4-2021;0
19-4-2021;0
20-4-2021;0
21-4-2021;0.0866
22-4-2021;0
23-4-2021;0
24-4-2021;0
25-4-2021;0
26-4-2021;0
27-4-2021;0
28-4-2021;0
29-4-2021;0
30-4-2021;1.3923
1-5-2021;0.3837
2-5-2021;0.0422
3-5-2021;0
4-5-2021;0
5-5-2021;0
6-5-2021;0
7-5-2021;0
8-5-2021;0
9-5-2021;0
10-5-2021;0
11-5-2021;0
12-5-2021;0
13-5-2021;0
14-5-2021;0
15-5-2021;0
16-5-2021;0
17-5-2021;0
18-5-2021;0.05
19-5-2021;0
20-5-2021;0
21-5-2021;0
22-5-2021;0.01
23-5-2021;0
24-5-2021;0
25-5-2021;0
26-5-2021;0
27-5-2021;0
28-5-2021;0
29-5-2021;0
30-5-2021;0
31-5-2021;0.3119
1-6-2021;0
2-6-2021;0
3-6-2021;0
4-6-2021;0.4272
5-6-2021;0
6-6-2021;0.1275
7-6-2021;0.1569
8-6-2021;0.2056
9-6-2021;0
10-6-2021;0
11-6-2021;0
12-6-2021;0
13-6-2021;0
14-6-2021;0
15-6-2021;0
16-6-2021;0
17-6-2021;0
18-6-2021;0
19-6-2021;0.42
20-6-2021;0.2109
21-6-2021;0.3222
22-6-2021;0
23-6-2021;0
24-6-2021;0
25-6-2021;0
26-6-2021;0
27-6-2021;0
28-6-2021;0
29-6-2021;0
30-6-2021;0
1-7-2021;0
2-7-2021;0
3-7-2021;0
4-7-2021;0
5-7-2021;0
6-7-2021;0.1844
7-7-2021;0
8-7-2021;0
9-7-2021;0
10-7-2021;0
11-7-2021;0
12-7-2021;0
13-7-2021;0
14-7-2021;0
15-7-2021;0.1522
16-7-2021;0.3112
17-7-2021;0.2012
18-7-2021;0
19-7-2021;0
20-7-2021;0
21-7-2021;0
22-7-2021;0
23-7-2021;0
24-7-2021;0
25-7-2021;0
26-7-2021;0
27-7-2021;0
28-7-2021;0
29-7-2021;0
30-7-2021;0
31-7-2021;0
1-8-2021;0
2-8-2021;0
3-8-2021;0.3947
4-8-2021;0
5-8-2021;0
6-8-2021;0
7-8-2021;0
8-8-2021;0
9-8-2021;0
10-8-2021;0.0144
11-8-2021;0
12-8-2021;0
13-8-2021;0.0022
14-8-2021;0.1206
15-8-2021;0
16-8-2021;0
17-8-2021;0
18-8-2021;0
19-8-2021;0
20-8-2021;0
21-8-2021;0.2775
22-8-2021;0
23-8-2021;0
24-8-2021;0
25-8-2021;0.0078
26-8-2021;0
27-8-2021;0
28-8-2021;0
29-8-2021;0.4697
30-8-2021;0.01
31-8-2021;0
1-9-2021;0
2-9-2021;0.01
3-9-2021;0
4-9-2021;0
5-9-2021;0
6-9-2021;0
7-9-2021;0
8-9-2021;0.3638
9-9-2021;0.4922
10-9-2021;0.01
11-9-2021;0
12-9-2021;0
13-9-2021;0
14-9-2021;0
15-9-2021;0
16-9-2021;0
17-9-2021;0.0022
18-9-2021;0.0278
19-9-2021;0
20-9-2021;0.0656
21-9-2021;0
22-9-2021;0.1312
23-9-2021;0
24-9-2021;0
25-9-2021;0
26-9-2021;0
27-9-2021;0
28-9-2021;0
29-9-2021;0
30-9-2021;0.5925
1-10-2021;0.02
2-10-2021;1.2519
3-10-2021;0.0585
4-10-2021;0.0975
5-10-2021;0.2109
6-10-2021;0.0144
7-10-2021;0.1116
8-10-2021;2.6622
9-10-2021;0.0044
10-10-2021;0.1538
11-10-2021;0.0656
12-10-2021;0
13-10-2021;0
14-10-2021;0
15-10-2021;0
16-10-2021;0
17-10-2021;0.2031
18-10-2021;0.5091
19-10-2021;0.0566
20-10-2021;0
21-10-2021;0
22-10-2021;0.1303
23-10-2021;0
24-10-2021;1.1951
25-10-2021;0.1325
26-10-2021;2.0812
27-10-2021;0.1697
28-10-2021;0.1366
29-10-2021;0
30-10-2021;0.3362
31-10-2021;0.0022
1-11-2021;0
2-11-2021;0
3-11-2021;0
4-11-2021;0
5-11-2021;0.1134
6-11-2021;0.0678
7-11-2021;0.1278
8-11-2021;0.2175
9-11-2021;1.17
10-11-2021;0.1041
11-11-2021;0.1562
12-11-2021;0
13-11-2021;0.0769
14-11-2021;0.0178
15-11-2021;0.0256
16-11-2021;0.2334
17-11-2021;0.1931
18-11-2021;0.829
19-11-2021;1.6534
20-11-2021;0.5944
21-11-2021;15.6165
22-11-2021;8.9008
23-11-2021;2.1919
24-11-2021;0.0622
25-11-2021;1.4287
26-11-2021;0.7684
27-11-2021;0.8897
28-11-2021;0
29-11-2021;0.1953
30-11-2021;0.3044
1-12-2021;0.0306
2-12-2021;0
3-12-2021;0
4-12-2021;0.1534
5-12-2021;12.8554
6-12-2021;9.737
7-12-2021;8.3722
8-12-2021;2.4773
9-12-2021;1.8378
10-12-2021;0.1069
11-12-2021;0
12-12-2021;0.1094
13-12-2021;4.0109
14-12-2021;0.8672
15-12-2021;0.1788
16-12-2021;6.5925
17-12-2021;14.1207
18-12-2021;0.2278
19-12-2021;0.4797
20-12-2021;0.1109
21-12-2021;0.1844
22-12-2021;2.3011
23-12-2021;0.5072
24-12-2021;0.1856
25-12-2021;0.3679
26-12-2021;33.0632
27-12-2021;1.9599
28-12-2021;1.0467
29-12-2021;1.3191
30-12-2021;0.2422
31-12-2021;0.0544
1-1-2022;0.2434
2-1-2022;0.1828
3-1-2022;0.5572
4-1-2022;0.1256
5-1-2022;0
6-1-2022;0.3028
7-1-2022;0.2391
8-1-2022;0.7741
9-1-2022;0
10-1-2022;0.1094
11-1-2022;0.1537
12-1-2022;0.16
13-1-2022;3.171
14-1-2022;3.3364
15-1-2022;2.7058
16-1-2022;0.6075
17-1-2022;1.8362
18-1-2022;1.7906
19-1-2022;0
20-1-2022;0.0556
21-1-2022;0.0178
22-1-2022;1.7373
23-1-2022;0.0478
24-1-2022;0.2451
25-1-2022;0.1082
26-1-2022;7.0431
27-1-2022;7.8465
28-1-2022;2.7534
29-1-2022;10.8268
30-1-2022;0.7473
31-1-2022;0.1625
1-2-2022;0.0078
2-2-2022;0
3-2-2022;0.0591
4-2-2022;2.5022
5-2-2022;2.703
6-2-2022;0.1812
7-2-2022;0.0509
8-2-2022;0
9-2-2022;0
10-2-2022;6.0945
11-2-2022;0
12-2-2022;0
13-2-2022;0
14-2-2022;0
15-2-2022;0.4328
16-2-2022;0.0578
17-2-2022;0
18-2-2022;0.2394
19-2-2022;0.1488
20-2-2022;0.275
21-2-2022;0.2919
22-2-2022;0.305
23-2-2022;0.0078
24-2-2022;0.0509
25-2-2022;0.5124
26-2-2022;0.1478
27-2-2022;0
28-2-2022;0.04
1-3-2022;0.0356
2-3-2022;0.295
3-3-2022;0.0691
4-3-2022;0
5-3-2022;0
6-3-2022;0.5541
7-3-2022;0.9875
8-3-2022;0.295
9-3-2022;0
10-3-2022;0.01
11-3-2022;0
12-3-2022;0
13-3-2022;0
14-3-2022;0.7684
15-3-2022;14.0454
16-3-2022;6.9404
17-3-2022;9.227
18-3-2022;0.9709
19-3-2022;0
20-3-2022;0
21-3-2022;0
22-3-2022;0.01
23-3-2022;0
24-3-2022;0
25-3-2022;1.7608
26-3-2022;24.396
27-3-2022;0.5459
28-3-2022;0.3
29-3-2022;0.4119
30-3-2022;0
31-3-2022;0
1-4-2022;0
2-4-2022;0
3-4-2022;0.1244
4-4-2022;3.554
5-4-2022;0.4429
6-4-2022;0.0244
7-4-2022;0.2056
8-4-2022;0.4716
9-4-2022;0.9041
10-4-2022;1.4317
11-4-2022;0.355
12-4-2022;0.07
13-4-2022;0
14-4-2022;0
15-4-2022;0.0144
16-4-2022;1.2767
17-4-2022;5.126
18-4-2022;1.5179
19-4-2022;0.5434
20-4-2022;2.3888
21-4-2022;4.0253
22-4-2022;0.2681
23-4-2022;0.01
24-4-2022;0.1581
25-4-2022;0.5144
26-4-2022;1.1539
27-4-2022;0.0834
28-4-2022;0
29-4-2022;0
30-4-2022;0
1-5-2022;0.0412
2-5-2022;0
3-5-2022;0
4-5-2022;0.0144
5-5-2022;0.0778
6-5-2022;0
7-5-2022;0
8-5-2022;0
9-5-2022;0
10-5-2022;0.02
11-5-2022;0
12-5-2022;0
13-5-2022;0
14-5-2022;0
15-5-2022;0.6388
16-5-2022;0.7006
17-5-2022;0.7112
18-5-2022;0.4056
19-5-2022;0.05
20-5-2022;0.6634
21-5-2022;3.248
22-5-2022;0.2459
23-5-2022;0
24-5-2022;0
25-5-2022;0
26-5-2022;0
27-5-2022;0.0222
28-5-2022;0.14
29-5-2022;0
30-5-2022;0
31-5-2022;0.7369
1-6-2022;0
2-6-2022;0
3-6-2022;0
4-6-2022;0
5-6-2022;0
6-6-2022;0.6628
7-6-2022;0
8-6-2022;0
9-6-2022;0
10-6-2022;0
11-6-2022;0
12-6-2022;0
13-6-2022;0
14-6-2022;0
15-6-2022;0
16-6-2022;0
17-6-2022;0
18-6-2022;0
19-6-2022;0
20-6-2022;0
21-6-2022;0.0756
22-6-2022;0.3981
23-6-2022;0.0731
24-6-2022;0
25-6-2022;0.4762
26-6-2022;0.1437
27-6-2022;0.4753
28-6-2022;0.2944
29-6-2022;0.9409
30-6-2022;0.1056
1-7-2022;0.0522
2-7-2022;0
3-7-2022;0
4-7-2022;0
5-7-2022;0
6-7-2022;0
7-7-2022;0
8-7-2022;0
9-7-2022;0
10-7-2022;0
11-7-2022;0
12-7-2022;0
13-7-2022;0
14-7-2022;0
15-7-2022;0.0022
16-7-2022;0.0712
17-7-2022;0.0253
18-7-2022;0
19-7-2022;0.0078
20-7-2022;2.3224
21-7-2022;0.0456
22-7-2022;0.1609
23-7-2022;0.0356
24-7-2022;0
25-7-2022;0.0166
26-7-2022;0
27-7-2022;0
28-7-2022;0
29-7-2022;0
30-7-2022;0
31-7-2022;0
1-8-2022;0.2009
2-8-2022;1.5125
3-8-2022;0.0178
4-8-2022;0
5-8-2022;0
6-8-2022;0
7-8-2022;0
8-8-2022;0
9-8-2022;0
10-8-2022;0
11-8-2022;0
12-8-2022;0
13-8-2022;0
14-8-2022;0
15-8-2022;0
16-8-2022;0
17-8-2022;0
18-8-2022;0
19-8-2022;0
20-8-2022;0
21-8-2022;0.01
22-8-2022;0
23-8-2022;0
24-8-2022;0
25-8-2022;0
26-8-2022;0
27-8-2022;0
28-8-2022;0
29-8-2022;0
30-8-2022;0
31-8-2022;0.0222
1-9-2022;0
2-9-2022;0
3-9-2022;0
4-9-2022;0
5-9-2022;0
6-9-2022;0
7-9-2022;0.0144
8-9-2022;0
9-9-2022;0
10-9-2022;0
11-9-2022;0
12-9-2022;0
13-9-2022;0.0022
14-9-2022;0.3412
15-9-2022;0
16-9-2022;0
17-9-2022;0
18-9-2022;0
19-9-2022;0.0078
20-9-2022;0.8412
21-9-2022;0.4278
22-9-2022;0.0956
23-9-2022;0
24-9-2022;0
25-9-2022;0
26-9-2022;0
27-9-2022;0
28-9-2022;0.01
29-9-2022;0
30-9-2022;0
1-10-2022;0
2-10-2022;0
3-10-2022;0
4-10-2022;0
5-10-2022;0.0466
6-10-2022;0
7-10-2022;0
8-10-2022;0.0544
9-10-2022;0
10-10-2022;0.0831
11-10-2022;0.01
12-10-2022;0
13-10-2022;0
14-10-2022;0
15-10-2022;0.0263
16-10-2022;0.2209
17-10-2022;0.1353
18-10-2022;0.0078
19-10-2022;0.0453
20-10-2022;0
21-10-2022;0
22-10-2022;0
23-10-2022;0.2697
24-10-2022;0.4482
25-10-2022;0
26-10-2022;0.31
27-10-2022;0.5241
28-10-2022;0.0222
29-10-2022;0
30-10-2022;0.0022
31-10-2022;3.3664
1-11-2022;2.7907
2-11-2022;3.3072
3-11-2022;0.1344
4-11-2022;0.3925
5-11-2022;0.0156
6-11-2022;0.2594
7-11-2022;3.7786
8-11-2022;14.2354
9-11-2022;0.0578
10-11-2022;0.6259
11-11-2022;1.0797
12-11-2022;11.0018
13-11-2022;11.3739
14-11-2022;0.235
15-11-2022;0.02
16-11-2022;0
17-11-2022;0
18-11-2022;0
19-11-2022;0
20-11-2022;0
21-11-2022;0
22-11-2022;0.47
23-11-2022;0.0322
24-11-2022;0
25-11-2022;0.0475
26-11-2022;5.3887
27-11-2022;26.0042
28-11-2022;0.8732
29-11-2022;0
30-11-2022;0.0166
1-12-2022;0
2-12-2022;0
3-12-2022;0.3269
4-12-2022;0.1156
5-12-2022;0.1712
6-12-2022;0.6137
7-12-2022;3.5665
8-12-2022;0.8652
9-12-2022;0.3103
10-12-2022;1.0534
11-12-2022;0.5781
12-12-2022;1.0453
13-12-2022;0.5088
14-12-2022;0.4747
15-12-2022;6.4122
16-12-2022;14.9476
17-12-2022;11.1709
18-12-2022;3.4559
19-12-2022;0.7425
20-12-2022;0.3709
21-12-2022;0.8537
22-12-2022;0.3037
23-12-2022;0
24-12-2022;0
25-12-2022;0
26-12-2022;0
27-12-2022;0.0166
1-1-2023;0.6794
2-1-2023;0.5009
3-1-2023;0.0422
4-1-2023;2.6173
5-1-2023;8.98
6-1-2023;22.1061
7-1-2023;15.4482
8-1-2023;0.1703
9-1-2023;0
10-1-2023;0
11-1-2023;0
12-1-2023;0
13-1-2023;0.0144
14-1-2023;0.9266
15-1-2023;0.1722
16-1-2023;0.1488
17-1-2023;0.3944
18-1-2023;0.3375
19-1-2023;0.2628
20-1-2023;0.0178
21-1-2023;0
22-1-2023;0.01
23-1-2023;0.7221
24-1-2023;0.4491
25-1-2023;0
26-1-2023;0.2322
27-1-2023;0
28-1-2023;0
29-1-2023;2.8146
30-1-2023;4.3594
31-1-2023;0.5975
1-2-2023;2.9122
2-2-2023;1.8827
3-2-2023;5.75
4-2-2023;6.0773
5-2-2023;0
6-2-2023;0.4063
7-2-2023;0.4166
8-2-2023;1.2274
9-2-2023;34.2778
10-2-2023;20.9083
11-2-2023;4.9628
12-2-2023;0.6507
13-2-2023;9.3899
14-2-2023;14.0075
15-2-2023;3.8715
16-2-2023;2.5594
17-2-2023;4.3237
18-2-2023;3.158
19-2-2023;23.4565
20-2-2023;1.7231
21-2-2023;0.2106
22-2-2023;0.0969
23-2-2023;0.6812
24-2-2023;0
25-2-2023;0
26-2-2023;0.1622
27-2-2023;0.2088
28-2-2023;0.99
1-3-2023;0.02
2-3-2023;0.1634
3-3-2023;0.1244
4-3-2023;0.0388
5-3-2023;0.0853
6-3-2023;1.5227
7-3-2023;2.0066
8-3-2023;0.1188
9-3-2023;0
10-3-2023;0.515
11-3-2023;0.0509
12-3-2023;0.0609
13-3-2023;0.1763
14-3-2023;0.1434
15-3-2023;0.2612
16-3-2023;0.4215
17-3-2023;0
18-3-2023;0
19-3-2023;0
20-3-2023;0
21-3-2023;0.0144
22-3-2023;0.0144
23-3-2023;0.2281
24-3-2023;0.7181
25-3-2023;0.1009
26-3-2023;0
27-3-2023;1.1588
28-3-2023;0.4359
29-3-2023;0.046
30-3-2023;0.0341
31-3-2023;0.0278
1-4-2023;0.0322
2-4-2023;0.0022
3-4-2023;0.0178
4-4-2023;0.0088
5-4-2023;0.1034
6-4-2023;0
7-4-2023;0
8-4-2023;0
9-4-2023;0
10-4-2023;1.88
11-4-2023;0.0434
12-4-2023;0.2856
13-4-2023;0
14-4-2023;0
15-4-2023;0.1253
16-4-2023;0.3091
17-4-2023;0
18-4-2023;0
19-4-2023;0
20-4-2023;0
21-4-2023;0
22-4-2023;0
23-4-2023;0
24-4-2023;0
25-4-2023;0
26-4-2023;0
27-4-2023;0
28-4-2023;0
29-4-2023;0
30-4-2023;0.0022
1-5-2023;0.03
2-5-2023;0
3-5-2023;0
4-5-2023;0
5-5-2023;0
6-5-2023;0
7-5-2023;0
8-5-2023;0.01
9-5-2023;0.9368
10-5-2023;0.2609
11-5-2023;0
12-5-2023;0
13-5-2023;0
14-5-2023;0.0312
15-5-2023;1.1428
16-5-2023;0.1253
17-5-2023;0.0588
18-5-2023;1.9561
19-5-2023;0
20-5-2023;0.1753
21-5-2023;0
22-5-2023;0
23-5-2023;0.7654
24-5-2023;0
25-5-2023;0
26-5-2023;0
27-5-2023;0.0688
28-5-2023;0.0178
29-5-2023;0
30-5-2023;0
31-5-2023;0.1088
1-6-2023;0
2-6-2023;0
3-6-2023;0
4-6-2023;0
5-6-2023;0
6-6-2023;0.03
7-6-2023;0.0869
8-6-2023;0
9-6-2023;0
10-6-2023;0
11-6-2023;0
12-6-2023;0.0144
13-6-2023;0
14-6-2023;0
15-6-2023;0
16-6-2023;0
17-6-2023;0
18-6-2023;0
19-6-2023;0
20-6-2023;0
21-6-2023;0.0366
22-6-2023;0
23-6-2023;0.2491
24-6-2023;0
25-6-2023;0
26-6-2023;0
27-6-2023;0
28-6-2023;0
29-6-2023;0
30-6-2023;0
1-7-2023;0
2-7-2023;0
3-7-2023;0.1385
4-7-2023;0
5-7-2023;0
6-7-2023;0
7-7-2023;0
8-7-2023;0
9-7-2023;0
10-7-2023;0
11-7-2023;0.0022
12-7-2023;0.0478
13-7-2023;0.0078
14-7-2023;0
15-7-2023;0
16-7-2023;0
17-7-2023;0
18-7-2023;0
19-7-2023;0
20-7-2023;0.5216
21-7-2023;3.1051
22-7-2023;0.4475
23-7-2023;0
24-7-2023;0
25-7-2023;0.3131
26-7-2023;0.0488
27-7-2023;0
28-7-2023;0
29-7-2023;0
30-7-2023;0
31-7-2023;0
1-8-2023;0
2-8-2023;0.7722
3-8-2023;0.3878
4-8-2023;0
5-8-2023;0.2137
6-8-2023;0.0722
7-8-2023;0
8-8-2023;0
9-8-2023;0
10-8-2023;0
11-8-2023;0
12-8-2023;0
13-8-2023;0
14-8-2023;0
15-8-2023;0
16-8-2023;0.06
17-8-2023;0
18-8-2023;0
19-8-2023;0
20-8-2023;0
21-8-2023;0
22-8-2023;0
23-8-2023;0
24-8-2023;0
25-8-2023;0
26-8-2023;0
27-8-2023;0.01
28-8-2023;0
29-8-2023;0
30-8-2023;0
31-8-2023;0
1-9-2023;0
2-9-2023;0
3-9-2023;0
4-9-2023;0
5-9-2023;0
6-9-2023;0
7-9-2023;0
8-9-2023;0
9-9-2023;0
10-9-2023;0
11-9-2023;0
12-9-2023;0.01
13-9-2023;0.01
14-9-2023;0.04
15-9-2023;0
16-9-2023;0
17-9-2023;0
18-9-2023;0.1666
19-9-2023;0.0022
20-9-2023;0.0122
21-9-2023;0
22-9-2023;0
23-9-2023;0
24-9-2023;0
25-9-2023;0.5418
26-9-2023;0
27-9-2023;2.4302
28-9-2023;0.7857
29-9-2023;0.2122
30-9-2023;0
1-10-2023;0.0219
2-10-2023;0.0344
3-10-2023;0
4-10-2023;0
5-10-2023;0
6-10-2023;0
7-10-2023;0
8-10-2023;0
9-10-2023;0.7029
10-10-2023;0.0278
11-10-2023;0
12-10-2023;0.0044
13-10-2023;0.1491
14-10-2023;0.0022
15-10-2023;1.3133
16-10-2023;7.5961
17-10-2023;0.7915
18-10-2023;0
19-10-2023;0
20-10-2023;0.01
21-10-2023;0
22-10-2023;0
23-10-2023;0.0941
24-10-2023;0
25-10-2023;0
26-10-2023;0
27-10-2023;0
28-10-2023;0.0044
29-10-2023;0.2534
30-10-2023;0.1197
31-10-2023;6.1436
1-11-2023;3.0275
2-11-2023;0.0322
3-11-2023;0
4-11-2023;0
5-11-2023;0.0078
6-11-2023;0.0178
7-11-2023;2.7533
8-11-2023;0.3338
9-11-2023;0
10-11-2023;0
11-11-2023;0
12-11-2023;0
13-11-2023;0.6662
14-11-2023;0.5225
15-11-2023;0.0144
16-11-2023;0
17-11-2023;0
18-11-2023;0
19-11-2023;0.01
20-11-2023;0.01
21-11-2023;0.3641
22-11-2023;0.1634
23-11-2023;0
24-11-2023;0
25-11-2023;0
26-11-2023;0.0234
27-11-2023;0.0078
28-11-2023;0
29-11-2023;1.1249
30-11-2023;0.1437
1-12-2023;0.0178
2-12-2023;0
3-12-2023;0
4-12-2023;0
5-12-2023;0
6-12-2023;0
7-12-2023;0.0222
8-12-2023;0.1034
9-12-2023;1.4993
10-12-2023;5.2728
11-12-2023;17.6952
12-12-2023;0.1256
13-12-2023;0.4028
14-12-2023;0.5203
15-12-2023;0.9356
16-12-2023;18.3045
17-12-2023;1.6991
18-12-2023;0.5869
19-12-2023;0.3509
20-12-2023;0.0078
21-12-2023;0
22-12-2023;0.0444
23-12-2023;0
24-12-2023;0.0841
25-12-2023;16.2394
26-12-2023;35.9414
27-12-2023;2.2162
28-12-2023;0.9385
29-12-2023;13.9013
30-12-2023;0.0178
31-12-2023;0.0222
1-1-2024;0.5569
2-1-2024;0.5347
3-1-2024;0.1469
4-1-2024;0.4084
5-1-2024;0.1837
6-1-2024;0
7-1-2024;0
8-1-2024;0
9-1-2024;0
10-1-2024;0.01
11-1-2024;0.6003
12-1-2024;5.093
13-1-2024;4.3967
14-1-2024;7.0157
15-1-2024;0.4447
16-1-2024;0.0491
17-1-2024;0.4678
18-1-2024;19.2562
19-1-2024;0.2003
20-1-2024;0.0022
21-1-2024;0.0488
22-1-2024;0
23-1-2024;0.1634
24-1-2024;0.2897
25-1-2024;0.0931
26-1-2024;0
27-1-2024;0
28-1-2024;0.0078
29-1-2024;0
30-1-2024;0.0078
31-1-2024;0.6356
1-2-2024;0.1278
2-2-2024;1.0409
3-2-2024;0.0044
4-2-2024;0.04
5-2-2024;0.02
6-2-2024;0.0906
7-2-2024;0
8-2-2024;0.1147
9-2-2024;0.1812
10-2-2024;0.4219
11-2-2024;0.2922
12-2-2024;0
13-2-2024;0.0834
14-2-2024;0
15-2-2024;0
16-2-2024;0
17-2-2024;0.4687
18-2-2024;0.1484
19-2-2024;0
20-2-2024;0.0278
21-2-2024;0
22-2-2024;0
23-2-2024;0
24-2-2024;0
25-2-2024;0
26-2-2024;0.7916
27-2-2024;0.1844
28-2-2024;0.2485
29-2-2024;0.0022
1-3-2024;0
2-3-2024;0
3-3-2024;0
4-3-2024;0
5-3-2024;0.0078
6-3-2024;0.0509
7-3-2024;0.0856
8-3-2024;0
9-3-2024;0.0431
10-3-2024;0
11-3-2024;0
12-3-2024;0.0022
13-3-2024;0
14-3-2024;0
15-3-2024;0.6879
16-3-2024;0.4538
17-3-2024;0.5762
18-3-2024;0.5403
19-3-2024;0.0144
20-3-2024;0.1203
21-3-2024;0.2788
22-3-2024;0.0144
23-3-2024;0.6465
24-3-2024;0.4347
25-3-2024;1.9239
26-3-2024;0.7597
27-3-2024;0.3206
28-3-2024;0
29-3-2024;0.195
30-3-2024;0.0831
31-3-2024;0.0634
1-4-2024;0.2181
2-4-2024;0.1664
3-4-2024;0.0553
4-4-2024;0.4034
5-4-2024;3.165
6-4-2024;0.4985
7-4-2024;0.5678
8-4-2024;6.4738
9-4-2024;12.1778
10-4-2024;0
11-4-2024;0
12-4-2024;0.4959
13-4-2024;0.0122
14-4-2024;0
15-4-2024;0
16-4-2024;0.1375
17-4-2024;0.02
18-4-2024;0.0572
19-4-2024;0
20-4-2024;0
21-4-2024;0
22-4-2024;0
23-4-2024;0
24-4-2024;0.0022
25-4-2024;0
26-4-2024;0.1928
27-4-2024;0.3316
28-4-2024;0
29-4-2024;0
30-4-2024;0
1-5-2024;0
2-5-2024;0
3-5-2024;0
4-5-2024;0
5-5-2024;0
6-5-2024;0
7-5-2024;0
8-5-2024;0
9-5-2024;0
10-5-2024;0
11-5-2024;0
12-5-2024;0
13-5-2024;0.0678
14-5-2024;6.982
15-5-2024;0.1122
16-5-2024;0
17-5-2024;0
18-5-2024;0
19-5-2024;0.0222
20-5-2024;0
21-5-2024;0
22-5-2024;0
23-5-2024;0.0444
24-5-2024;0
25-5-2024;0
26-5-2024;0
27-5-2024;0
28-5-2024;0
29-5-2024;0
30-5-2024;0
31-5-2024;0
1-6-2024;0
2-6-2024;0
3-6-2024;0
4-6-2024;0
5-6-2024;0
6-6-2024;0
7-6-2024;0
8-6-2024;0
9-6-2024;0
10-6-2024;0
11-6-2024;0
12-6-2024;0
13-6-2024;0
14-6-2024;0
15-6-2024;0
16-6-2024;0.0434
17-6-2024;0
18-6-2024;0
19-6-2024;0
20-6-2024;0
21-6-2024;0.0478
22-6-2024;0
23-6-2024;0
24-6-2024;0.0222
25-6-2024;0.1166
26-6-2024;0.3719
27-6-2024;0.1997
28-6-2024;0.2131
29-6-2024;0
30-6-2024;0
1-7-2024;0
2-7-2024;0
3-7-2024;0
4-7-2024;0
5-7-2024;0
6-7-2024;0
7-7-2024;0
8-7-2024;0
9-7-2024;0
10-7-2024;0
11-7-2024;0
12-7-2024;0
13-7-2024;0
14-7-2024;0
15-7-2024;0
16-7-2024;0
17-7-2024;0
18-7-2024;0
19-7-2024;0
20-7-2024;0
21-7-2024;0
22-7-2024;0
23-7-2024;0
24-7-2024;0
25-7-2024;0
26-7-2024;0
27-7-2024;0
28-7-2024;0
29-7-2024;0
30-7-2024;0
31-7-2024;0
1-8-2024;0.3215
