";""(mm) Precipitation (ERA5_AG) at CE_ID_0. 2020-01-01 to 2024-01-01"""
"2020-01-01;0.0712"
"2020-01-02;0.0078"
"2020-01-03;0.0444"
"2020-01-04;0"
"2020-01-05;0.0644"
"2020-01-06;0.2466"
"2020-01-07;0"
"2020-01-08;0.4912"
"2020-01-09;5.2025"
"2020-01-10;8.8674"
"2020-01-11;0.4993"
"2020-01-12;3.8851"
"2020-01-13;4.0558"
"2020-01-14;10.9472"
"2020-01-15;0"
"2020-01-16;0"
"2020-01-17;1.2186"
"2020-01-18;24.2183"
"2020-01-19;9.3884"
"2020-01-20;0.8815"
"2020-01-21;0.08"
"2020-01-22;0.01"
"2020-01-23;0"
"2020-01-24;0.6115"
"2020-01-25;0.01"
"2020-01-26;0"
"2020-01-27;0.33"
"2020-01-28;0.1818"
"2020-01-29;0"
"2020-01-30;0"
"2020-01-31;0"
"2020-02-01;0"
"2020-02-02;0"
"2020-02-03;0.0131"
"2020-02-04;0.2037"
"2020-02-05;0.02"
"2020-02-06;3.6464"
"2020-02-07;6.5737"
"2020-02-08;34.7074"
"2020-02-09;41.457"
"2020-02-10;19.3902"
"2020-02-11;12.3128"
"2020-02-12;1.1216"
"2020-02-13;0.4412"
"2020-02-14;0.0322"
"2020-02-15;0.0622"
"2020-02-16;1.6907"
"2020-02-17;0.9953"
"2020-02-18;0.2812"
"2020-02-19;0.1347"
"2020-02-20;0.1431"
"2020-02-21;0.2147"
"2020-02-22;0.7997"
"2020-02-23;19.8112"
"2020-02-24;1.2568"
"2020-02-25;0.0378"
"2020-02-26;0"
"2020-02-27;0"
"2020-02-28;0.0022"
"2020-02-29;0.0288"
"2020-03-01;0.0219"
"2020-03-02;3.6769"
"2020-03-03;0.35"
"2020-03-04;0.1478"
"2020-03-05;0.0666"
"2020-03-06;0"
"2020-03-07;0"
"2020-03-08;0.0991"
"2020-03-09;0"
"2020-03-10;0"
"2020-03-11;0"
"2020-03-12;0"
"2020-03-13;0.0444"
"2020-03-14;0"
"2020-03-15;0"
"2020-03-16;0.4803"
"2020-03-17;0.1169"
"2020-03-18;0"
"2020-03-19;0.0622"
"2020-03-20;0.0478"
"2020-03-21;0.0188"
"2020-03-22;0.0156"
"2020-03-23;0"
"2020-03-24;0"
"2020-03-25;0"
"2020-03-26;0"
"2020-03-27;0.07"
"2020-03-28;0.1078"
"2020-03-29;0"
"2020-03-30;0"
"2020-03-31;0"
"2020-04-01;0"
"2020-04-02;0"
"2020-04-03;0.2844"
"2020-04-04;2.0929"
"2020-04-05;0.1444"
"2020-04-06;0"
"2020-04-07;0"
"2020-04-08;0.2631"
"2020-04-09;1.1744"
"2020-04-10;0.5947"
"2020-04-11;0"
"2020-04-12;0"
"2020-04-13;0"
"2020-04-14;0"
"2020-04-15;0.0412"
"2020-04-16;0.0144"
"2020-04-17;0.1578"
"2020-04-18;0.4744"
"2020-04-19;0.1847"
"2020-04-20;0.0356"
"2020-04-21;0"
"2020-04-22;0"
"2020-04-23;0.0478"
"2020-04-24;0"
"2020-04-25;0"
"2020-04-26;0.0131"
"2020-04-27;0.7347"
"2020-04-28;2.1656"
"2020-04-29;0.2769"
"2020-04-30;0"
"2020-05-01;0"
"2020-05-02;0"
"2020-05-03;0"
"2020-05-04;0"
"2020-05-05;0.02"
"2020-05-06;0"
"2020-05-07;0.0834"
"2020-05-08;0"
"2020-05-09;0"
"2020-05-10;0.01"
"2020-05-11;0"
"2020-05-12;0"
"2020-05-13;0"
"2020-05-14;0"
"2020-05-15;0.0022"
"2020-05-16;0"
"2020-05-17;0.2766"
"2020-05-18;0"
"2020-05-19;0"
"2020-05-20;0"
"2020-05-21;0.47"
"2020-05-22;0"
"2020-05-23;0"
"2020-05-24;0"
"2020-05-25;0"
"2020-05-26;0"
"2020-05-27;0"
"2020-05-28;0"
"2020-05-29;0"
"2020-05-30;0"
"2020-05-31;0"
"2020-06-01;0"
"2020-06-02;0"
"2020-06-03;0"
"2020-06-04;0"
"2020-06-05;0"
"2020-06-06;0.0222"
"2020-06-07;0.0612"
"2020-06-08;0"
"2020-06-09;0"
"2020-06-10;0"
"2020-06-11;0"
"2020-06-12;0"
"2020-06-13;0"
"2020-06-14;0"
"2020-06-15;0"
"2020-06-16;0"
"2020-06-17;1.0462"
"2020-06-18;0.02"
"2020-06-19;0.1"
"2020-06-20;0"
"2020-06-21;0"
"2020-06-22;0"
"2020-06-23;0"
"2020-06-24;0"
"2020-06-25;0.04"
"2020-06-26;0.0256"
"2020-06-27;0"
"2020-06-28;0"
"2020-06-29;0"
"2020-06-30;0"
"2020-07-01;0"
"2020-07-02;0"
"2020-07-03;0"
"2020-07-04;0"
"2020-07-05;0"
"2020-07-06;0"
"2020-07-07;0"
"2020-07-08;0.24"
"2020-07-09;0.2922"
"2020-07-10;0"
"2020-07-11;0"
"2020-07-12;0"
"2020-07-13;0"
"2020-07-14;0"
"2020-07-15;0"
"2020-07-16;0"
"2020-07-17;0"
"2020-07-18;0"
"2020-07-19;0"
"2020-07-20;0"
"2020-07-21;0"
"2020-07-22;0"
"2020-07-23;0"
"2020-07-24;0"
"2020-07-25;0"
"2020-07-26;0"
"2020-07-27;0"
"2020-07-28;0.4691"
"2020-07-29;0"
"2020-07-30;0"
"2020-07-31;0"
"2020-08-01;0"
"2020-08-02;0"
"2020-08-03;0"
"2020-08-04;0"
"2020-08-05;0"
"2020-08-06;0"
"2020-08-07;0.01"
"2020-08-08;0"
"2020-08-09;0"
"2020-08-10;0"
"2020-08-11;0"
"2020-08-12;0"
"2020-08-13;0"
"2020-08-14;0.0022"
"2020-08-15;0"
"2020-08-16;0"
"2020-08-17;0.0609"
"2020-08-18;0"
"2020-08-19;0"
"2020-08-20;0.6716"
"2020-08-21;0.01"
"2020-08-22;0.0572"
"2020-08-23;0"
"2020-08-24;0"
"2020-08-25;0"
"2020-08-26;0"
"2020-08-27;0.0266"
"2020-08-28;0.0078"
"2020-08-29;0.0431"
"2020-08-30;0"
"2020-08-31;2.7817"
"2020-09-01;1.3313"
"2020-09-02;1.1088"
"2020-09-03;0"
"2020-09-04;0"
"2020-09-05;0"
"2020-09-06;0"
"2020-09-07;0"
"2020-09-08;0"
"2020-09-09;0"
"2020-09-10;0"
"2020-09-11;0"
"2020-09-12;0"
"2020-09-13;0"
"2020-09-14;0"
"2020-09-15;0"
"2020-09-16;0.0078"
"2020-09-17;0.8338"
"2020-09-18;0"
"2020-09-19;0"
"2020-09-20;0"
"2020-09-21;0"
"2020-09-22;0.1244"
"2020-09-23;0"
"2020-09-24;0"
"2020-09-25;0"
"2020-09-26;0"
"2020-09-27;0"
"2020-09-28;0"
"2020-09-29;0"
"2020-09-30;0.3103"
"2020-10-01;0.3175"
"2020-10-02;0.7471"
"2020-10-03;0.3747"
"2020-10-04;0"
"2020-10-05;0.6003"
"2020-10-06;12.4347"
"2020-10-07;5.23"
"2020-10-08;4.7399"
"2020-10-09;0.4878"
"2020-10-10;0"
"2020-10-11;0.9954"
"2020-10-12;0.9032"
"2020-10-13;0.23"
"2020-10-14;0"
"2020-10-15;0.03"
"2020-10-16;0"
"2020-10-17;0"
"2020-10-18;0.0312"
"2020-10-19;0.0078"
"2020-10-20;0"
"2020-10-21;0.0122"
"2020-10-22;0"
"2020-10-23;0"
"2020-10-24;0"
"2020-10-25;0"
"2020-10-26;0"
"2020-10-27;0"
"2020-10-28;0"
"2020-10-29;0"
"2020-10-30;0"
"2020-10-31;0.01"
"2020-11-01;1.6566"
"2020-11-02;0.3931"
"2020-11-03;0.51"
"2020-11-04;7.7157"
"2020-11-05;5.8807"
"2020-11-06;0.06"
"2020-11-07;0"
"2020-11-08;0.1172"
"2020-11-09;0.0078"
"2020-11-10;0.1522"
"2020-11-11;1.6651"
"2020-11-12;0.5178"
"2020-11-13;0"
"2020-11-14;0"
"2020-11-15;0"
"2020-11-16;0"
"2020-11-17;0"
"2020-11-18;0.2972"
"2020-11-19;0"
"2020-11-20;0.0188"
"2020-11-21;0.2172"
"2020-11-22;2.0392"
"2020-11-23;4.6463"
"2020-11-24;1.1059"
"2020-11-25;15.5482"
"2020-11-26;3.7838"
"2020-11-27;0"
"2020-11-28;0.5394"
"2020-11-29;3.288"
"2020-11-30;2.5507"
"2020-12-01;0.0478"
"2020-12-02;2.5347"
"2020-12-03;0.2175"
"2020-12-04;0.4559"
"2020-12-05;10.8495"
"2020-12-06;2.333"
"2020-12-07;0.5409"
"2020-12-08;1.8356"
"2020-12-09;0.0591"
"2020-12-10;0"
"2020-12-11;0"
"2020-12-12;0.284"
"2020-12-13;2.4067"
"2020-12-14;6.8257"
"2020-12-15;9.563"
"2020-12-16;35.6848"
"2020-12-17;20.3978"
"2020-12-18;18.8126"
"2020-12-19;12.8159"
"2020-12-20;1.3153"
"2020-12-21;0.9147"
"2020-12-22;3.4319"
"2020-12-23;2.016"
"2020-12-24;16.0078"
"2020-12-25;0.3835"
"2020-12-26;0.3378"
"2020-12-27;1.2388"
"2020-12-28;0.2159"
"2020-12-29;1.074"
"2020-12-30;0.0234"
"2020-12-31;0.3959"
"2021-01-01;1.7193"
"2021-01-02;2.4187"
"2021-01-03;0.3188"
"2021-01-04;0.1522"
"2021-01-05;0.2544"
"2021-01-06;6.4183"
"2021-01-07;9.115"
"2021-01-08;0.2956"
"2021-01-09;0.4988"
"2021-01-10;0.3644"
"2021-01-11;0.9997"
"2021-01-12;0.1647"
"2021-01-13;0.05"
"2021-01-14;1.4073"
"2021-01-15;3.4315"
"2021-01-16;13.0213"
"2021-01-17;8.1849"
"2021-01-18;0.3347"
"2021-01-19;0.2812"
"2021-01-20;3.8171"
"2021-01-21;27.3024"
"2021-01-22;0.4144"
"2021-01-23;1.791"
"2021-01-24;36.0104"
"2021-01-25;13.4489"
"2021-01-26;7.029"
"2021-01-27;10.4341"
"2021-01-28;14.0558"
"2021-01-29;6.7446"
"2021-01-30;1.5435"
"2021-01-31;8.8653"
"2021-02-01;16.6733"
"2021-02-02;32.4349"
"2021-02-03;1.0222"
"2021-02-04;14.1038"
"2021-02-05;26.361"
"2021-02-06;6.826"
"2021-02-07;9.4296"
"2021-02-08;6.2574"
"2021-02-09;0.6644"
"2021-02-10;0.0334"
"2021-02-11;0.1009"
"2021-02-12;0.2558"
"2021-02-13;14.3799"
"2021-02-14;19.2647"
"2021-02-15;26.5842"
"2021-02-16;12.1961"
"2021-02-17;0.3028"
"2021-02-18;0.0022"
"2021-02-19;0.0066"
"2021-02-20;0.5469"
"2021-02-21;0.4891"
"2021-02-22;6.6698"
"2021-02-23;2.1937"
"2021-02-24;0.0156"
"2021-02-25;3.6886"
"2021-02-26;3.7515"
"2021-02-27;5.335"
"2021-02-28;1.6627"
"2021-03-01;0.0888"
"2021-03-02;0.6044"
"2021-03-03;0.3925"
"2021-03-04;0.06"
"2021-03-05;0.5818"
"2021-03-06;5.0033"
"2021-03-07;0.0931"
"2021-03-08;0.0512"
"2021-03-09;0.2428"
"2021-03-10;0.0044"
"2021-03-11;1.767"
"2021-03-12;6.2974"
"2021-03-13;0.4394"
"2021-03-14;0.7809"
"2021-03-15;0.545"
"2021-03-16;0"
"2021-03-17;0"
"2021-03-18;0.01"
"2021-03-19;0.0022"
"2021-03-20;0.1522"
"2021-03-21;0.0575"
"2021-03-22;5.0716"
"2021-03-23;0.355"
"2021-03-24;0.21"
"2021-03-25;0.1715"
"2021-03-26;0.23"
"2021-03-27;0"
"2021-03-28;0.0534"
"2021-03-29;0.01"
"2021-03-30;0"
"2021-03-31;0"
"2021-04-01;0"
"2021-04-02;0"
"2021-04-03;0.08"
"2021-04-04;0.4422"
"2021-04-05;0"
"2021-04-06;0.1169"
"2021-04-07;0.0122"
"2021-04-08;0"
"2021-04-09;0.0022"
"2021-04-10;0.0078"
"2021-04-11;0"
"2021-04-12;0"
"2021-04-13;0"
"2021-04-14;0"
"2021-04-15;0"
"2021-04-16;0.1934"
"2021-04-17;0.0078"
"2021-04-18;0"
"2021-04-19;0"
"2021-04-20;0"
"2021-04-21;0.0866"
"2021-04-22;0"
"2021-04-23;0"
"2021-04-24;0"
"2021-04-25;0"
"2021-04-26;0"
"2021-04-27;0"
"2021-04-28;0"
"2021-04-29;0"
"2021-04-30;1.3923"
"2021-05-01;0.3837"
"2021-05-02;0.0422"
"2021-05-03;0"
"2021-05-04;0"
"2021-05-05;0"
"2021-05-06;0"
"2021-05-07;0"
"2021-05-08;0"
"2021-05-09;0"
"2021-05-10;0"
"2021-05-11;0"
"2021-05-12;0"
"2021-05-13;0"
"2021-05-14;0"
"2021-05-15;0"
"2021-05-16;0"
"2021-05-17;0"
"2021-05-18;0.05"
"2021-05-19;0"
"2021-05-20;0"
"2021-05-21;0"
"2021-05-22;0.01"
"2021-05-23;0"
"2021-05-24;0"
"2021-05-25;0"
"2021-05-26;0"
"2021-05-27;0"
"2021-05-28;0"
"2021-05-29;0"
"2021-05-30;0"
"2021-05-31;0.3119"
"2021-06-01;0"
"2021-06-02;0"
"2021-06-03;0"
"2021-06-04;0.4272"
"2021-06-05;0"
"2021-06-06;0.1275"
"2021-06-07;0.1569"
"2021-06-08;0.2056"
"2021-06-09;0"
"2021-06-10;0"
"2021-06-11;0"
"2021-06-12;0"
"2021-06-13;0"
"2021-06-14;0"
"2021-06-15;0"
"2021-06-16;0"
"2021-06-17;0"
"2021-06-18;0"
"2021-06-19;0.42"
"2021-06-20;0.2109"
"2021-06-21;0.3222"
"2021-06-22;0"
"2021-06-23;0"
"2021-06-24;0"
"2021-06-25;0"
"2021-06-26;0"
"2021-06-27;0"
"2021-06-28;0"
"2021-06-29;0"
"2021-06-30;0"
"2021-07-01;0"
"2021-07-02;0"
"2021-07-03;0"
"2021-07-04;0"
"2021-07-05;0"
"2021-07-06;0.1844"
"2021-07-07;0"
"2021-07-08;0"
"2021-07-09;0"
"2021-07-10;0"
"2021-07-11;0"
"2021-07-12;0"
"2021-07-13;0"
"2021-07-14;0"
"2021-07-15;0.1522"
"2021-07-16;0.3112"
"2021-07-17;0.2012"
"2021-07-18;0"
"2021-07-19;0"
"2021-07-20;0"
"2021-07-21;0"
"2021-07-22;0"
"2021-07-23;0"
"2021-07-24;0"
"2021-07-25;0"
"2021-07-26;0"
"2021-07-27;0"
"2021-07-28;0"
"2021-07-29;0"
"2021-07-30;0"
"2021-07-31;0"
"2021-08-01;0"
"2021-08-02;0"
"2021-08-03;0.3947"
"2021-08-04;0"
"2021-08-05;0"
"2021-08-06;0"
"2021-08-07;0"
"2021-08-08;0"
"2021-08-09;0"
"2021-08-10;0.0144"
"2021-08-11;0"
"2021-08-12;0"
"2021-08-13;0.0022"
"2021-08-14;0.1206"
"2021-08-15;0"
"2021-08-16;0"
"2021-08-17;0"
"2021-08-18;0"
"2021-08-19;0"
"2021-08-20;0"
"2021-08-21;0.2775"
"2021-08-22;0"
"2021-08-23;0"
"2021-08-24;0"
"2021-08-25;0.0078"
"2021-08-26;0"
"2021-08-27;0"
"2021-08-28;0"
"2021-08-29;0.4697"
"2021-08-30;0.01"
"2021-08-31;0"
"2021-09-01;0"
"2021-09-02;0.01"
"2021-09-03;0"
"2021-09-04;0"
"2021-09-05;0"
"2021-09-06;0"
"2021-09-07;0"
"2021-09-08;0.3638"
"2021-09-09;0.4922"
"2021-09-10;0.01"
"2021-09-11;0"
"2021-09-12;0"
"2021-09-13;0"
"2021-09-14;0"
"2021-09-15;0"
"2021-09-16;0"
"2021-09-17;0.0022"
"2021-09-18;0.0278"
"2021-09-19;0"
"2021-09-20;0.0656"
"2021-09-21;0"
"2021-09-22;0.1312"
"2021-09-23;0"
"2021-09-24;0"
"2021-09-25;0"
"2021-09-26;0"
"2021-09-27;0"
"2021-09-28;0"
"2021-09-29;0"
"2021-09-30;0.5925"
"2021-10-01;0.02"
"2021-10-02;1.2519"
"2021-10-03;0.0585"
"2021-10-04;0.0975"
"2021-10-05;0.2109"
"2021-10-06;0.0144"
"2021-10-07;0.1116"
"2021-10-08;2.6622"
"2021-10-09;0.0044"
"2021-10-10;0.1538"
"2021-10-11;0.0656"
"2021-10-12;0"
"2021-10-13;0"
"2021-10-14;0"
"2021-10-15;0"
"2021-10-16;0"
"2021-10-17;0.2031"
"2021-10-18;0.5091"
"2021-10-19;0.0566"
"2021-10-20;0"
"2021-10-21;0"
"2021-10-22;0.1303"
"2021-10-23;0"
"2021-10-24;1.1951"
"2021-10-25;0.1325"
"2021-10-26;2.0812"
"2021-10-27;0.1697"
"2021-10-28;0.1366"
"2021-10-29;0"
"2021-10-30;0.3362"
"2021-10-31;0.0022"
"2021-11-01;0"
"2021-11-02;0"
"2021-11-03;0"
"2021-11-04;0"
"2021-11-05;0.1134"
"2021-11-06;0.0678"
"2021-11-07;0.1278"
"2021-11-08;0.2175"
"2021-11-09;1.17"
"2021-11-10;0.1041"
"2021-11-11;0.1562"
"2021-11-12;0"
"2021-11-13;0.0769"
"2021-11-14;0.0178"
"2021-11-15;0.0256"
"2021-11-16;0.2334"
"2021-11-17;0.1931"
"2021-11-18;0.829"
"2021-11-19;1.6534"
"2021-11-20;0.5944"
"2021-11-21;15.6165"
"2021-11-22;8.9008"
"2021-11-23;2.1919"
"2021-11-24;0.0622"
"2021-11-25;1.4287"
"2021-11-26;0.7684"
"2021-11-27;0.8897"
"2021-11-28;0"
"2021-11-29;0.1953"
"2021-11-30;0.3044"
"2021-12-01;0.0306"
"2021-12-02;0"
"2021-12-03;0"
"2021-12-04;0.1534"
"2021-12-05;12.8554"
"2021-12-06;9.737"
"2021-12-07;8.3722"
"2021-12-08;2.4773"
"2021-12-09;1.8378"
"2021-12-10;0.1069"
"2021-12-11;0"
"2021-12-12;0.1094"
"2021-12-13;4.0109"
"2021-12-14;0.8672"
"2021-12-15;0.1788"
"2021-12-16;6.5925"
"2021-12-17;14.1207"
"2021-12-18;0.2278"
"2021-12-19;0.4797"
"2021-12-20;0.1109"
"2021-12-21;0.1844"
"2021-12-22;2.3011"
"2021-12-23;0.5072"
"2021-12-24;0.1856"
"2021-12-25;0.3679"
"2021-12-26;33.0632"
"2021-12-27;1.9599"
"2021-12-28;1.0467"
"2021-12-29;1.3191"
"2021-12-30;0.2422"
"2021-12-31;0.0544"
"2022-01-01;0.2434"
"2022-01-02;0.1828"
"2022-01-03;0.5572"
"2022-01-04;0.1256"
"2022-01-05;0"
"2022-01-06;0.3028"
"2022-01-07;0.2391"
"2022-01-08;0.7741"
"2022-01-09;0"
"2022-01-10;0.1094"
"2022-01-11;0.1537"
"2022-01-12;0.16"
"2022-01-13;3.171"
"2022-01-14;3.3364"
"2022-01-15;2.7058"
"2022-01-16;0.6075"
"2022-01-17;1.8362"
"2022-01-18;1.7906"
"2022-01-19;0"
"2022-01-20;0.0556"
"2022-01-21;0.0178"
"2022-01-22;1.7373"
"2022-01-23;0.0478"
"2022-01-24;0.2451"
"2022-01-25;0.1082"
"2022-01-26;7.0431"
"2022-01-27;7.8465"
"2022-01-28;2.7534"
"2022-01-29;10.8268"
"2022-01-30;0.7473"
"2022-01-31;0.1625"
"2022-02-01;0.0078"
"2022-02-02;0"
"2022-02-03;0.0591"
"2022-02-04;2.5022"
"2022-02-05;2.703"
"2022-02-06;0.1812"
"2022-02-07;0.0509"
"2022-02-08;0"
"2022-02-09;0"
"2022-02-10;6.0945"
"2022-02-11;0"
"2022-02-12;0"
"2022-02-13;0"
"2022-02-14;0"
"2022-02-15;0.4328"
"2022-02-16;0.0578"
"2022-02-17;0"
"2022-02-18;0.2394"
"2022-02-19;0.1488"
"2022-02-20;0.275"
"2022-02-21;0.2919"
"2022-02-22;0.305"
"2022-02-23;0.0078"
"2022-02-24;0.0509"
"2022-02-25;0.5124"
"2022-02-26;0.1478"
"2022-02-27;0"
"2022-02-28;0.04"
"2022-03-01;0.0356"
"2022-03-02;0.295"
"2022-03-03;0.0691"
"2022-03-04;0"
"2022-03-05;0"
"2022-03-06;0.5541"
"2022-03-07;0.9875"
"2022-03-08;0.295"
"2022-03-09;0"
"2022-03-10;0.01"
"2022-03-11;0"
"2022-03-12;0"
"2022-03-13;0"
"2022-03-14;0.7684"
"2022-03-15;14.0454"
"2022-03-16;6.9404"
"2022-03-17;9.227"
"2022-03-18;0.9709"
"2022-03-19;0"
"2022-03-20;0"
"2022-03-21;0"
"2022-03-22;0.01"
"2022-03-23;0"
"2022-03-24;0"
"2022-03-25;1.7608"
"2022-03-26;24.396"
"2022-03-27;0.5459"
"2022-03-28;0.3"
"2022-03-29;0.4119"
"2022-03-30;0"
"2022-03-31;0"
"2022-04-01;0"
"2022-04-02;0"
"2022-04-03;0.1244"
"2022-04-04;3.554"
"2022-04-05;0.4429"
"2022-04-06;0.0244"
"2022-04-07;0.2056"
"2022-04-08;0.4716"
"2022-04-09;0.9041"
"2022-04-10;1.4317"
"2022-04-11;0.355"
"2022-04-12;0.07"
"2022-04-13;0"
"2022-04-14;0"
"2022-04-15;0.0144"
"2022-04-16;1.2767"
"2022-04-17;5.126"
"2022-04-18;1.5179"
"2022-04-19;0.5434"
"2022-04-20;2.3888"
"2022-04-21;4.0253"
"2022-04-22;0.2681"
"2022-04-23;0.01"
"2022-04-24;0.1581"
"2022-04-25;0.5144"
"2022-04-26;1.1539"
"2022-04-27;0.0834"
"2022-04-28;0"
"2022-04-29;0"
"2022-04-30;0"
"2022-05-01;0.0412"
"2022-05-02;0"
"2022-05-03;0"
"2022-05-04;0.0144"
"2022-05-05;0.0778"
"2022-05-06;0"
"2022-05-07;0"
"2022-05-08;0"
"2022-05-09;0"
"2022-05-10;0.02"
"2022-05-11;0"
"2022-05-12;0"
"2022-05-13;0"
"2022-05-14;0"
"2022-05-15;0.6388"
"2022-05-16;0.7006"
"2022-05-17;0.7112"
"2022-05-18;0.4056"
"2022-05-19;0.05"
"2022-05-20;0.6634"
"2022-05-21;3.248"
"2022-05-22;0.2459"
"2022-05-23;0"
"2022-05-24;0"
"2022-05-25;0"
"2022-05-26;0"
"2022-05-27;0.0222"
"2022-05-28;0.14"
"2022-05-29;0"
"2022-05-30;0"
"2022-05-31;0.7369"
"2022-06-01;0"
"2022-06-02;0"
"2022-06-03;0"
"2022-06-04;0"
"2022-06-05;0"
"2022-06-06;0.6628"
"2022-06-07;0"
"2022-06-08;0"
"2022-06-09;0"
"2022-06-10;0"
"2022-06-11;0"
"2022-06-12;0"
"2022-06-13;0"
"2022-06-14;0"
"2022-06-15;0"
"2022-06-16;0"
"2022-06-17;0"
"2022-06-18;0"
"2022-06-19;0"
"2022-06-20;0"
"2022-06-21;0.0756"
"2022-06-22;0.3981"
"2022-06-23;0.0731"
"2022-06-24;0"
"2022-06-25;0.4762"
"2022-06-26;0.1437"
"2022-06-27;0.4753"
"2022-06-28;0.2944"
"2022-06-29;0.9409"
"2022-06-30;0.1056"
"2022-07-01;0.0522"
"2022-07-02;0"
"2022-07-03;0"
"2022-07-04;0"
"2022-07-05;0"
"2022-07-06;0"
"2022-07-07;0"
"2022-07-08;0"
"2022-07-09;0"
"2022-07-10;0"
"2022-07-11;0"
"2022-07-12;0"
"2022-07-13;0"
"2022-07-14;0"
"2022-07-15;0.0022"
"2022-07-16;0.0712"
"2022-07-17;0.0253"
"2022-07-18;0"
"2022-07-19;0.0078"
"2022-07-20;2.3224"
"2022-07-21;0.0456"
"2022-07-22;0.1609"
"2022-07-23;0.0356"
"2022-07-24;0"
"2022-07-25;0.0166"
"2022-07-26;0"
"2022-07-27;0"
"2022-07-28;0"
"2022-07-29;0"
"2022-07-30;0"
"2022-07-31;0"
"2022-08-01;0.2009"
"2022-08-02;1.5125"
"2022-08-03;0.0178"
"2022-08-04;0"
"2022-08-05;0"
"2022-08-06;0"
"2022-08-07;0"
"2022-08-08;0"
"2022-08-09;0"
"2022-08-10;0"
"2022-08-11;0"
"2022-08-12;0"
"2022-08-13;0"
"2022-08-14;0"
"2022-08-15;0"
"2022-08-16;0"
"2022-08-17;0"
"2022-08-18;0"
"2022-08-19;0"
"2022-08-20;0"
"2022-08-21;0.01"
"2022-08-22;0"
"2022-08-23;0"
"2022-08-24;0"
"2022-08-25;0"
"2022-08-26;0"
"2022-08-27;0"
"2022-08-28;0"
"2022-08-29;0"
"2022-08-30;0"
"2022-08-31;0.0222"
"2022-09-01;0"
"2022-09-02;0"
"2022-09-03;0"
"2022-09-04;0"
"2022-09-05;0"
"2022-09-06;0"
"2022-09-07;0.0144"
"2022-09-08;0"
"2022-09-09;0"
"2022-09-10;0"
"2022-09-11;0"
"2022-09-12;0"
"2022-09-13;0.0022"
"2022-09-14;0.3412"
"2022-09-15;0"
"2022-09-16;0"
"2022-09-17;0"
"2022-09-18;0"
"2022-09-19;0.0078"
"2022-09-20;0.8412"
"2022-09-21;0.4278"
"2022-09-22;0.0956"
"2022-09-23;0"
"2022-09-24;0"
"2022-09-25;0"
"2022-09-26;0"
"2022-09-27;0"
"2022-09-28;0.01"
"2022-09-29;0"
"2022-09-30;0"
"2022-10-01;0"
"2022-10-02;0"
"2022-10-03;0"
"2022-10-04;0"
"2022-10-05;0.0466"
"2022-10-06;0"
"2022-10-07;0"
"2022-10-08;0.0544"
"2022-10-09;0"
"2022-10-10;0.0831"
"2022-10-11;0.01"
"2022-10-12;0"
"2022-10-13;0"
"2022-10-14;0"
"2022-10-15;0.0263"
"2022-10-16;0.2209"
"2022-10-17;0.1353"
"2022-10-18;0.0078"
"2022-10-19;0.0453"
"2022-10-20;0"
"2022-10-21;0"
"2022-10-22;0"
"2022-10-23;0.2697"
"2022-10-24;0.4482"
"2022-10-25;0"
"2022-10-26;0.31"
"2022-10-27;0.5241"
"2022-10-28;0.0222"
"2022-10-29;0"
"2022-10-30;0.0022"
"2022-10-31;3.3664"
"2022-11-01;2.7907"
"2022-11-02;3.3072"
"2022-11-03;0.1344"
"2022-11-04;0.3925"
"2022-11-05;0.0156"
"2022-11-06;0.2594"
"2022-11-07;3.7786"
"2022-11-08;14.2354"
"2022-11-09;0.0578"
"2022-11-10;0.6259"
"2022-11-11;1.0797"
"2022-11-12;11.0018"
"2022-11-13;11.3739"
"2022-11-14;0.235"
"2022-11-15;0.02"
"2022-11-16;0"
"2022-11-17;0"
"2022-11-18;0"
"2022-11-19;0"
"2022-11-20;0"
"2022-11-21;0"
"2022-11-22;0.47"
"2022-11-23;0.0322"
"2022-11-24;0"
"2022-11-25;0.0475"
"2022-11-26;5.3887"
"2022-11-27;26.0042"
"2022-11-28;0.8732"
"2022-11-29;0"
"2022-11-30;0.0166"
"2022-12-01;0"
"2022-12-02;0"
"2022-12-03;0.3269"
"2022-12-04;0.1156"
"2022-12-05;0.1712"
"2022-12-06;0.6137"
"2022-12-07;3.5665"
"2022-12-08;0.8652"
"2022-12-09;0.3103"
"2022-12-10;1.0534"
"2022-12-11;0.5781"
"2022-12-12;1.0453"
"2022-12-13;0.5088"
"2022-12-14;0.4747"
"2022-12-15;6.4122"
"2022-12-16;14.9476"
"2022-12-17;11.1709"
"2022-12-18;3.4559"
"2022-12-19;0.7425"
"2022-12-20;0.3709"
"2022-12-21;0.8537"
"2022-12-22;0.3037"
"2022-12-23;0"
"2022-12-24;0"
"2022-12-25;0"
"2022-12-26;0"
"2022-12-27;0.0166"
"2023-01-01;0.6794"
"2023-01-02;0.5009"
"2023-01-03;0.0422"
"2023-01-04;2.6173"
"2023-01-05;8.98"
"2023-01-06;22.1061"
"2023-01-07;15.4482"
"2023-01-08;0.1703"
"2023-01-09;0"
"2023-01-10;0"
"2023-01-11;0"
"2023-01-12;0"
"2023-01-13;0.0144"
"2023-01-14;0.9266"
"2023-01-15;0.1722"
"2023-01-16;0.1488"
"2023-01-17;0.3944"
"2023-01-18;0.3375"
"2023-01-19;0.2628"
"2023-01-20;0.0178"
"2023-01-21;0"
"2023-01-22;0.01"
"2023-01-23;0.7221"
"2023-01-24;0.4491"
"2023-01-25;0"
"2023-01-26;0.2322"
"2023-01-27;0"
"2023-01-28;0"
"2023-01-29;2.8146"
"2023-01-30;4.3594"
"2023-01-31;0.5975"
"2023-02-01;2.9122"
"2023-02-02;1.8827"
"2023-02-03;5.75"
"2023-02-04;6.0773"
"2023-02-05;0"
"2023-02-06;0.4063"
"2023-02-07;0.4166"
"2023-02-08;1.2274"
"2023-02-09;34.2778"
"2023-02-10;20.9083"
"2023-02-11;4.9628"
"2023-02-12;0.6507"
"2023-02-13;9.3899"
"2023-02-14;14.0075"
"2023-02-15;3.8715"
"2023-02-16;2.5594"
"2023-02-17;4.3237"
"2023-02-18;3.158"
"2023-02-19;23.4565"
"2023-02-20;1.7231"
"2023-02-21;0.2106"
"2023-02-22;0.0969"
"2023-02-23;0.6812"
"2023-02-24;0"
"2023-02-25;0"
"2023-02-26;0.1622"
"2023-02-27;0.2088"
"2023-02-28;0.99"
"2023-03-01;0.02"
"2023-03-02;0.1634"
"2023-03-03;0.1244"
"2023-03-04;0.0388"
"2023-03-05;0.0853"
"2023-03-06;1.5227"
"2023-03-07;2.0066"
"2023-03-08;0.1188"
"2023-03-09;0"
"2023-03-10;0.515"
"2023-03-11;0.0509"
"2023-03-12;0.0609"
"2023-03-13;0.1763"
"2023-03-14;0.1434"
"2023-03-15;0.2612"
"2023-03-16;0.4215"
"2023-03-17;0"
"2023-03-18;0"
"2023-03-19;0"
"2023-03-20;0"
"2023-03-21;0.0144"
"2023-03-22;0.0144"
"2023-03-23;0.2281"
"2023-03-24;0.7181"
"2023-03-25;0.1009"
"2023-03-26;0"
"2023-03-27;1.1588"
"2023-03-28;0.4359"
"2023-03-29;0.046"
"2023-03-30;0.0341"
"2023-03-31;0.0278"
"2023-04-01;0.0322"
"2023-04-02;0.0022"
"2023-04-03;0.0178"
"2023-04-04;0.0088"
"2023-04-05;0.1034"
"2023-04-06;0"
"2023-04-07;0"
"2023-04-08;0"
"2023-04-09;0"
"2023-04-10;1.88"
"2023-04-11;0.0434"
"2023-04-12;0.2856"
"2023-04-13;0"
"2023-04-14;0"
"2023-04-15;0.1253"
"2023-04-16;0.3091"
"2023-04-17;0"
"2023-04-18;0"
"2023-04-19;0"
"2023-04-20;0"
"2023-04-21;0"
"2023-04-22;0"
"2023-04-23;0"
"2023-04-24;0"
"2023-04-25;0"
"2023-04-26;0"
"2023-04-27;0"
"2023-04-28;0"
"2023-04-29;0"
"2023-04-30;0.0022"
"2023-05-01;0.03"
"2023-05-02;0"
"2023-05-03;0"
"2023-05-04;0"
"2023-05-05;0"
"2023-05-06;0"
"2023-05-07;0"
"2023-05-08;0.01"
"2023-05-09;0.9368"
"2023-05-10;0.2609"
"2023-05-11;0"
"2023-05-12;0"
"2023-05-13;0"
"2023-05-14;0.0312"
"2023-05-15;1.1428"
"2023-05-16;0.1253"
"2023-05-17;0.0588"
"2023-05-18;1.9561"
"2023-05-19;0"
"2023-05-20;0.1753"
"2023-05-21;0"
"2023-05-22;0"
"2023-05-23;0.7654"
"2023-05-24;0"
"2023-05-25;0"
"2023-05-26;0"
"2023-05-27;0.0688"
"2023-05-28;0.0178"
"2023-05-29;0"
"2023-05-30;0"
"2023-05-31;0.1088"
"2023-06-01;0"
"2023-06-02;0"
"2023-06-03;0"
"2023-06-04;0"
"2023-06-05;0"
"2023-06-06;0.03"
"2023-06-07;0.0869"
"2023-06-08;0"
"2023-06-09;0"
"2023-06-10;0"
"2023-06-11;0"
"2023-06-12;0.0144"
"2023-06-13;0"
"2023-06-14;0"
"2023-06-15;0"
"2023-06-16;0"
"2023-06-17;0"
"2023-06-18;0"
"2023-06-19;0"
"2023-06-20;0"
"2023-06-21;0.0366"
"2023-06-22;0"
"2023-06-23;0.2491"
"2023-06-24;0"
"2023-06-25;0"
"2023-06-26;0"
"2023-06-27;0"
"2023-06-28;0"
"2023-06-29;0"
"2023-06-30;0"
"2023-07-01;0"
"2023-07-02;0"
"2023-07-03;0.1385"
"2023-07-04;0"
"2023-07-05;0"
"2023-07-06;0"
"2023-07-07;0"
"2023-07-08;0"
"2023-07-09;0"
"2023-07-10;0"
"2023-07-11;0.0022"
"2023-07-12;0.0478"
"2023-07-13;0.0078"
"2023-07-14;0"
"2023-07-15;0"
"2023-07-16;0"
"2023-07-17;0"
"2023-07-18;0"
"2023-07-19;0"
"2023-07-20;0.5216"
"2023-07-21;3.1051"
"2023-07-22;0.4475"
"2023-07-23;0"
"2023-07-24;0"
"2023-07-25;0.3131"
"2023-07-26;0.0488"
"2023-07-27;0"
"2023-07-28;0"
"2023-07-29;0"
"2023-07-30;0"
"2023-07-31;0"
"2023-08-01;0"
"2023-08-02;0.7722"
"2023-08-03;0.3878"
"2023-08-04;0"
"2023-08-05;0.2137"
"2023-08-06;0.0722"
"2023-08-07;0"
"2023-08-08;0"
"2023-08-09;0"
"2023-08-10;0"
"2023-08-11;0"
"2023-08-12;0"
"2023-08-13;0"
"2023-08-14;0"
"2023-08-15;0"
"2023-08-16;0.06"
"2023-08-17;0"
"2023-08-18;0"
"2023-08-19;0"
"2023-08-20;0"
"2023-08-21;0"
"2023-08-22;0"
"2023-08-23;0"
"2023-08-24;0"
"2023-08-25;0"
"2023-08-26;0"
"2023-08-27;0.01"
"2023-08-28;0"
"2023-08-29;0"
"2023-08-30;0"
"2023-08-31;0"
"2023-09-01;0"
"2023-09-02;0"
"2023-09-03;0"
"2023-09-04;0"
"2023-09-05;0"
"2023-09-06;0"
"2023-09-07;0"
"2023-09-08;0"
"2023-09-09;0"
"2023-09-10;0"
"2023-09-11;0"
"2023-09-12;0.01"
"2023-09-13;0.01"
"2023-09-14;0.04"
"2023-09-15;0"
"2023-09-16;0"
"2023-09-17;0"
"2023-09-18;0.1666"
"2023-09-19;0.0022"
"2023-09-20;0.0122"
"2023-09-21;0"
"2023-09-22;0"
"2023-09-23;0"
"2023-09-24;0"
"2023-09-25;0.5418"
"2023-09-26;0"
"2023-09-27;2.4302"
"2023-09-28;0.7857"
"2023-09-29;0.2122"
"2023-09-30;0"
"2023-10-01;0.0219"
"2023-10-02;0.0344"
"2023-10-03;0"
"2023-10-04;0"
"2023-10-05;0"
"2023-10-06;0"
"2023-10-07;0"
"2023-10-08;0"
"2023-10-09;0.7029"
"2023-10-10;0.0278"
"2023-10-11;0"
"2023-10-12;0.0044"
"2023-10-13;0.1491"
"2023-10-14;0.0022"
"2023-10-15;1.3133"
"2023-10-16;7.5961"
"2023-10-17;0.7915"
"2023-10-18;0"
"2023-10-19;0"
"2023-10-20;0.01"
"2023-10-21;0"
"2023-10-22;0"
"2023-10-23;0.0941"
"2023-10-24;0"
"2023-10-25;0"
"2023-10-26;0"
"2023-10-27;0"
"2023-10-28;0.0044"
"2023-10-29;0.2534"
"2023-10-30;0.1197"
"2023-10-31;6.1436"
"2023-11-01;3.0275"
"2023-11-02;0.0322"
"2023-11-03;0"
"2023-11-04;0"
"2023-11-05;0.0078"
"2023-11-06;0.0178"
"2023-11-07;2.7533"
"2023-11-08;0.3338"
"2023-11-09;0"
"2023-11-10;0"
"2023-11-11;0"
"2023-11-12;0"
"2023-11-13;0.6662"
"2023-11-14;0.5225"
"2023-11-15;0.0144"
"2023-11-16;0"
"2023-11-17;0"
"2023-11-18;0"
"2023-11-19;0.01"
"2023-11-20;0.01"
"2023-11-21;0.3641"
"2023-11-22;0.1634"
"2023-11-23;0"
"2023-11-24;0"
"2023-11-25;0"
"2023-11-26;0.0234"
"2023-11-27;0.0078"
"2023-11-28;0"
"2023-11-29;1.1249"
"2023-11-30;0.1437"
"2023-12-01;0.0178"
"2023-12-02;0"
"2023-12-03;0"
"2023-12-04;0"
"2023-12-05;0"
"2023-12-06;0"
"2023-12-07;0.0222"
"2023-12-08;0.1034"
"2023-12-09;1.4993"
"2023-12-10;5.2728"
"2023-12-11;17.6952"
"2023-12-12;0.1256"
"2023-12-13;0.4028"
"2023-12-14;0.5203"
"2023-12-15;0.9356"
"2023-12-16;18.3045"
"2023-12-17;1.6991"
"2023-12-18;0.5869"
"2023-12-19;0.3509"
"2023-12-20;0.0078"
"2023-12-21;0"
"2023-12-22;0.0444"
"2023-12-23;0"
"2023-12-24;0.0841"
"2023-12-25;16.2394"
"2023-12-26;35.9414"
"2023-12-27;2.2162"
"2023-12-28;0.9385"
"2023-12-29;13.9013"
"2023-12-30;0.0178"
"2023-12-31;0.0222"
"2024-01-01;0.5569"